"Corn",1,2020,1469,10.2,NULL,NULL
"Corn",9,2020,148,12.6,NULL,NULL
"Corn",10,2020,2873,11.3,NULL,NULL
"Corn",36,2020,203,10.0,NULL,NULL
"Corn",45,2020,3863,7.34,2389,NULL
"Corn",56,2020,734,10.6,NULL,NULL
"Corn",75,2020,213,8.65,NULL,NULL
"Corn",86,2020,1586,11.3,NULL,NULL
"Corn",108,2020,676,12.8,NULL,NULL
"Corn",109,2020,55171,12.7,46961,NULL
"Corn",111,2020,24803,11.6,21043,NULL
"Corn",113,2020,63068,11.9,48109,NULL
"Corn",122,2020,19862,8.53,12670,NULL
"Corn",124,2020,6574,11.3,4445,NULL
"Corn",137,2020,2583,11.2,NULL,NULL
"Corn",148,2020,1883,10.2,NULL,NULL
"Corn",153,2020,7982,10.1,6474,NULL
"Corn",154,2020,38862,12.5,34058,NULL
"Corn",155,2020,2423,11.2,NULL,NULL
"Corn",156,2020,14380,10.6,10067,NULL
"Corn",159,2020,168,6.83,NULL,NULL
"Corn",164,2020,45125,11.7,33384,NULL
"Corn",171,2020,316,9.78,NULL,NULL
"Corn",172,2020,183,12.2,NULL,NULL
"Corn",173,2020,2099,10.4,NULL,NULL
"Corn",178,2020,3096,7.96,1769,NULL
"Corn",179,2020,8773,9.84,6404,NULL
"Corn",183,2020,14853,10.7,12299,NULL
"Corn",184,2020,1268,8.46,NULL,NULL
"Corn",186,2020,397,15.1,NULL,NULL
"Corn",192,2020,3886,9.59,3034,NULL
"Corn",219,2020,1243,8.53,NULL,NULL
"Corn",220,2020,20994,10.5,15875,NULL
"Corn",234,2020,3977,10.9,NULL,NULL
"Corn",235,2020,7010,8.65,NULL,NULL
"Corn",250,2020,117,9.34,NULL,NULL
"Corn",258,2020,1257,8.28,NULL,NULL
"Corn",259,2020,701,15.0,NULL,NULL
"Corn",260,2020,138,9.03,NULL,NULL
"Corn",261,2020,13406,11.4,11810,NULL
"Corn",262,2020,167,7.65,NULL,NULL
"Corn",168,2020,NULL,NULL,NULL,NULL
"Corn",170,2020,NULL,NULL,NULL,NULL
"Corn",1,2019,1247,10.1,NULL,NULL
"Corn",9,2019,217,14.4,NULL,NULL
"Corn",10,2019,3371,11.1,NULL,NULL
"Corn",36,2019,286,10.1,NULL,NULL
"Corn",45,2019,4586,9.28,2452,2389
"Corn",56,2019,731,10.0,NULL,NULL
"Corn",75,2019,220,10.1,NULL,NULL
"Corn",86,2019,1412,10.4,NULL,NULL
"Corn",108,2019,609,12.5,NULL,NULL
"Corn",109,2019,47777,11.2,44971,46961
"Corn",111,2019,20038,10.1,19013,21043
"Corn",113,2019,64038,11.9,54469,48109
"Corn",122,2019,20726,8.53,13760,12670
"Corn",124,2019,6743,11.1,4261,4445
"Corn",137,2019,2319,10.4,NULL,NULL
"Corn",148,2019,1802,10.3,NULL,NULL
"Corn",153,2019,6390,9.28,4979,6474
"Corn",154,2019,32141,10.7,31060,34058
"Corn",155,2019,2749,11.0,NULL,NULL
"Corn",156,2019,12435,10.0,8555,10067
"Corn",159,2019,144,5.96,NULL,NULL
"Corn",164,2019,45590,11.6,37538,33384
"Corn",171,2019,267,9.72,NULL,NULL
"Corn",172,2019,164,8.46,NULL,NULL
"Corn",173,2019,1994,9.66,NULL,NULL
"Corn",178,2019,2486,6.90,1677,1769
"Corn",179,2019,12043,9.09,9788,6404
"Corn",183,2019,10394,9.91,10195,12299
"Corn",184,2019,1120,8.78,NULL,NULL
"Corn",186,2019,294,14.8,NULL,NULL
"Corn",192,2019,3779,9.72,2891,3034
"Corn",219,2019,1025,7.34,NULL,NULL
"Corn",220,2019,15889,9.78,13055,15875
"Corn",234,2019,4089,10.9,NULL,NULL
"Corn",235,2019,7289,8.78,NULL,NULL
"Corn",250,2019,94,8.97,NULL,NULL
"Corn",258,2019,1419,9.34,NULL,NULL
"Corn",259,2019,406,12.5,NULL,NULL
"Corn",260,2019,159,10.3,NULL,NULL
"Corn",261,2019,11758,10.2,9626,11810
"Corn",262,2019,209,7.71,NULL,NULL
"Corn",168,2019,NULL,NULL,NULL,NULL
"Corn",170,2019,NULL,NULL,NULL,NULL
"Corn",1,2018,1032,10.8,NULL,NULL
"Corn",9,2018,111,13.8,NULL,NULL
"Corn",10,2018,2958,11.4,NULL,NULL
"Corn",36,2018,333,10.9,NULL,NULL
"Corn",45,2018,4424,8.15,2833,2452
"Corn",56,2018,622,10.9,NULL,NULL
"Corn",75,2018,247,9.84,NULL,NULL
"Corn",86,2018,1316,10.6,NULL,NULL
"Corn",108,2018,619,12.2,NULL,NULL
"Corn",109,2018,58976,13.4,52625,44971
"Corn",111,2018,23993,12.0,21956,19013
"Corn",113,2018,67236,12.9,55388,54469
"Corn",122,2018,16969,8.21,11022,13760
"Corn",124,2018,5439,11.1,4018,4261
"Corn",137,2018,1813,10.6,NULL,NULL
"Corn",148,2018,1822,10.9,NULL,NULL
"Corn",153,2018,7753,10.3,6006,4979
"Corn",154,2018,35900,11.9,32652,31060
"Corn",155,2018,2208,11.6,NULL,NULL
"Corn",156,2018,11391,8.65,8778,8555
"Corn",159,2018,146,5.33,NULL,NULL
"Corn",164,2018,47023,12.4,36815,37538
"Corn",171,2018,214,8.84,NULL,NULL
"Corn",172,2018,166,11.7,NULL,NULL
"Corn",173,2018,2608,10.2,NULL,NULL
"Corn",178,2018,2695,7.65,1726,1677
"Corn",179,2018,11181,8.90,8448,9788
"Corn",183,2018,15805,11.7,13436,10195
"Corn",184,2018,857,7.84,NULL,NULL
"Corn",186,2018,198,12.2,NULL,NULL
"Corn",192,2018,3738,10.0,2616,2891
"Corn",219,2018,976,7.77,NULL,NULL
"Corn",220,2018,21311,10.8,16522,13055
"Corn",234,2018,3226,10.9,NULL,NULL
"Corn",235,2018,5334,6.58,NULL,NULL
"Corn",250,2018,101,11.4,NULL,NULL
"Corn",258,2018,1240,9.28,NULL,NULL
"Corn",259,2018,457,14.1,NULL,NULL
"Corn",260,2018,127,9.53,NULL,NULL
"Corn",261,2018,13639,11.2,11073,9626
"Corn",262,2018,291,10.2,NULL,NULL
"Corn",168,2018,NULL,NULL,NULL,NULL
"Corn",170,2018,NULL,NULL,NULL,NULL
"Corn",1,2017,996,10.4,NULL,NULL
"Corn",9,2017,158,12.2,NULL,NULL
"Corn",10,2017,3074,11.4,NULL,NULL
"Corn",36,2017,452,11.1,NULL,NULL
"Corn",45,2017,4493,9.09,3040,2833
"Corn",56,2017,914,12.5,NULL,NULL
"Corn",75,2017,151,10.1,NULL,NULL
"Corn",86,2017,1479,11.4,NULL,NULL
"Corn",108,2017,468,12.8,NULL,NULL
"Corn",109,2017,52566,11.8,53672,52625
"Corn",111,2017,23324,10.7,20551,21956
"Corn",113,2017,62222,11.7,60540,55388
"Corn",122,2017,16891,8.34,11861,11022
"Corn",124,2017,5472,10.7,3797,4018
"Corn",137,2017,2161,11.6,NULL,NULL
"Corn",148,2017,1874,10.2,NULL,NULL
"Corn",153,2017,9100,10.6,6005,6006
"Corn",154,2017,34902,11.4,38544,32652
"Corn",155,2017,2537,11.6,NULL,NULL
"Corn",156,2017,12913,10.2,10700,8778
"Corn",159,2017,115,4.39,NULL,NULL
"Corn",164,2017,43675,11.3,37100,36815
"Corn",171,2017,296,10.4,NULL,NULL
"Corn",172,2017,146,8.40,NULL,NULL
"Corn",173,2017,2095,9.41,NULL,NULL
"Corn",178,2017,2957,8.90,2084,1726
"Corn",179,2017,10866,7.77,10642,8448
"Corn",183,2017,14193,10.8,11077,13436
"Corn",184,2017,1005,7.52,NULL,NULL
"Corn",186,2017,236,13.3,NULL,NULL
"Corn",192,2017,4064,10.0,3277,2616
"Corn",219,2017,1080,8.46,NULL,NULL
"Corn",220,2017,17678,9.09,16836,16522
"Corn",234,2017,3328,10.5,NULL,NULL
"Corn",235,2017,7467,8.78,NULL,NULL
"Corn",250,2017,89,11.0,NULL,NULL
"Corn",258,2017,1173,8.78,NULL,NULL
"Corn",259,2017,496,14.4,NULL,NULL
"Corn",260,2017,127,9.53,NULL,NULL
"Corn",261,2017,12550,10.1,11261,11073
"Corn",262,2017,248,9.72,NULL,NULL
"Corn",168,2017,NULL,NULL,NULL,NULL
"Corn",170,2017,NULL,NULL,NULL,NULL
"Corn",1,2016,976,7.77,NULL,NULL
"Corn",9,2016,273,13.4,NULL,NULL
"Corn",10,2016,3435,11.5,NULL,NULL
"Corn",36,2016,352,11.6,NULL,NULL
"Corn",45,2016,3911,8.78,2716,3040
"Corn",56,2016,778,11.7,NULL,NULL
"Corn",75,2016,147,9.09,NULL,NULL
"Corn",86,2016,1577,10.9,NULL,NULL
"Corn",108,2016,693,13.1,NULL,NULL
"Corn",109,2016,58420,12.5,50139,53672
"Corn",111,2016,26361,11.6,20803,20551
"Corn",113,2016,67706,12.2,61080,60540
"Corn",122,2016,17451,9.47,11774,11861
"Corn",124,2016,6160,10.7,3363,3797
"Corn",137,2016,2607,10.9,NULL,NULL
"Corn",148,2016,1727,10.6,NULL,NULL
"Corn",153,2016,8613,9.84,6467,6005
"Corn",154,2016,37388,11.5,37557,38544
"Corn",155,2016,3014,10.7,NULL,NULL
"Corn",156,2016,14878,10.3,9540,10700
"Corn",159,2016,139,6.27,NULL,NULL
"Corn",164,2016,43931,11.5,36091,37100
"Corn",171,2016,261,9.09,NULL,NULL
"Corn",172,2016,156,9.41,NULL,NULL
"Corn",173,2016,2296,8.59,NULL,NULL
"Corn",178,2016,3294,8.65,2085,2084
"Corn",179,2016,11144,8.46,10095,10642
"Corn",183,2016,13537,10.1,11752,11077
"Corn",184,2016,1095,7.84,NULL,NULL
"Corn",186,2016,227,14.4,NULL,NULL
"Corn",192,2016,3479,8.59,3135,3277
"Corn",219,2016,1089,8.15,NULL,NULL
"Corn",220,2016,19116,8.90,17525,16836
"Corn",234,2016,3048,9.41,NULL,NULL
"Corn",235,2016,7429,8.15,NULL,NULL
"Corn",250,2016,128,10.9,NULL,NULL
"Corn",258,2016,1355,9.84,NULL,NULL
"Corn",259,2016,457,14.1,NULL,NULL
"Corn",260,2016,128,9.09,NULL,NULL
"Corn",261,2016,14224,10.9,11266,11261
"Corn",262,2016,257,9.22,NULL,NULL
"Corn",168,2016,NULL,NULL,NULL,NULL
"Corn",170,2016,NULL,NULL,NULL,NULL
"Corn",1,2015,878,8.34,NULL,NULL
"Corn",9,2015,192,13.1,NULL,NULL
"Corn",10,2015,2244,11.7,NULL,NULL
"Corn",36,2015,305,11.6,NULL,NULL
"Corn",45,2015,3706,9.53,2293,2716
"Corn",56,2015,845,11.2,NULL,NULL
"Corn",75,2015,179,8.84,NULL,NULL
"Corn",86,2015,1238,11.5,NULL,NULL
"Corn",108,2015,368,12.9,NULL,NULL
"Corn",109,2015,51192,10.8,46295,50139
"Corn",111,2015,21753,9.78,19142,20803
"Corn",113,2015,61145,11.3,55603,61080
"Corn",122,2015,14097,9.28,10413,11774
"Corn",124,2015,5679,10.7,3500,3363
"Corn",137,2015,1684,10.6,NULL,NULL
"Corn",148,2015,1616,10.7,NULL,NULL
"Corn",153,2015,8872,10.2,7026,6467
"Corn",154,2015,36023,11.4,32547,37557
"Corn",155,2015,2430,11.5,NULL,NULL
"Corn",156,2015,11620,9.41,8018,9540
"Corn",159,2015,139,6.90,NULL,NULL
"Corn",164,2015,41595,11.5,35279,36091
"Corn",171,2015,265,9.09,NULL,NULL
"Corn",172,2015,182,11.2,NULL,NULL
"Corn",173,2015,2518,9.28,NULL,NULL
"Corn",178,2015,2151,6.90,1382,2085
"Corn",179,2015,8290,8.03,6769,10095
"Corn",183,2015,13497,10.2,11417,11752
"Corn",184,2015,924,8.78,NULL,NULL
"Corn",186,2015,143,11.7,NULL,NULL
"Corn",192,2015,3771,9.41,2780,3135
"Corn",219,2015,706,6.71,NULL,NULL
"Corn",220,2015,19183,9.97,16038,17525
"Corn",234,2015,3562,10.3,NULL,NULL
"Corn",235,2015,7082,8.97,NULL,NULL
"Corn",250,2015,74,10.8,NULL,NULL
"Corn",258,2015,1355,9.84,NULL,NULL
"Corn",259,2015,447,13.8,NULL,NULL
"Corn",260,2015,131,9.28,NULL,NULL
"Corn",261,2015,12755,10.1,10402,11266
"Corn",262,2015,238,9.97,NULL,NULL
"Corn",168,2015,NULL,NULL,NULL,NULL
"Corn",170,2015,NULL,NULL,NULL,NULL
"Corn",1,2014,1192,9.34,NULL,NULL
"Corn",9,2014,149,13.1,NULL,NULL
"Corn",10,2014,2663,11.5,NULL,NULL
"Corn",36,2014,488,10.9,NULL,NULL
"Corn",45,2014,3511,9.03,2606,2293
"Corn",56,2014,734,10.6,NULL,NULL
"Corn",75,2014,137,8.46,NULL,NULL
"Corn",86,2014,1421,10.4,NULL,NULL
"Corn",108,2014,406,12.5,NULL,NULL
"Corn",109,2014,58145,12.1,48253,46295
"Corn",111,2014,27340,11.5,23266,19142
"Corn",113,2014,62026,11.6,52044,55603
"Corn",122,2014,14668,9.66,9690,10413
"Corn",124,2014,5450,9.28,3570,3500
"Corn",137,2014,1874,11.2,NULL,NULL
"Corn",148,2014,1855,10.4,NULL,NULL
"Corn",153,2014,9217,10.1,7187,7026
"Corn",154,2014,34544,10.6,28766,32547
"Corn",155,2014,2377,11.2,NULL,NULL
"Corn",156,2014,14294,10.6,10015,8018
"Corn",159,2014,190,6.27,NULL,NULL
"Corn",164,2014,39782,11.2,32758,35279
"Corn",171,2014,278,9.15,NULL,NULL
"Corn",172,2014,237,12.2,NULL,NULL
"Corn",173,2014,2514,9.41,NULL,NULL
"Corn",178,2014,2804,8.65,1409,1382
"Corn",179,2014,9555,8.28,6761,6769
"Corn",183,2014,15822,11.2,12874,11417
"Corn",184,2014,1028,9.41,NULL,NULL
"Corn",186,2014,188,11.9,NULL,NULL
"Corn",192,2014,3759,9.28,2783,2780
"Corn",219,2014,832,7.34,NULL,NULL
"Corn",220,2014,20675,9.28,15430,16038
"Corn",234,2014,3165,9.53,NULL,NULL
"Corn",235,2014,6720,9.22,NULL,NULL
"Corn",250,2014,113,10.0,NULL,NULL
"Corn",258,2014,1343,8.97,NULL,NULL
"Corn",259,2014,613,13.1,NULL,NULL
"Corn",260,2014,136,9.34,NULL,NULL
"Corn",261,2014,12961,10.1,10295,10402
"Corn",262,2014,210,8.65,NULL,NULL
"Corn",168,2014,NULL,NULL,NULL,NULL
"Corn",170,2014,NULL,NULL,NULL,NULL
"Corn",1,2013,1031,9.09,NULL,NULL
"Corn",9,2013,229,11.1,NULL,NULL
"Corn",10,2013,4311,10.9,NULL,NULL
"Corn",36,2013,820,11.9,NULL,NULL
"Corn",45,2013,3704,8.97,2615,2606
"Corn",56,2013,707,10.0,NULL,NULL
"Corn",75,2013,263,8.34,NULL,NULL
"Corn",86,2013,2091,11.4,NULL,NULL
"Corn",108,2013,528,11.3,NULL,NULL
"Corn",109,2013,49872,10.3,43722,48253
"Corn",111,2013,24876,10.4,22475,23266
"Corn",113,2013,55549,10.1,44105,52044
"Corn",122,2013,13335,7.84,8453,9690
"Corn",124,2013,6019,9.91,3449,3570
"Corn",137,2013,3289,10.9,NULL,NULL
"Corn",148,2013,1692,9.72,NULL,NULL
"Corn",153,2013,9912,9.91,7399,7187
"Corn",154,2013,34574,10.4,26952,28766
"Corn",155,2013,3886,10.6,NULL,NULL
"Corn",156,2013,10318,7.84,6862,10015
"Corn",159,2013,219,7.21,NULL,NULL
"Corn",164,2013,40822,10.2,31767,32758
"Corn",171,2013,280,8.65,NULL,NULL
"Corn",172,2013,183,11.9,NULL,NULL
"Corn",173,2013,2857,9.41,NULL,NULL
"Corn",178,2013,2950,8.28,1700,1409
"Corn",179,2013,10149,6.96,7039,6761
"Corn",183,2013,16077,10.7,12944,12874
"Corn",184,2013,993,7.21,NULL,NULL
"Corn",186,2013,171,11.7,NULL,NULL
"Corn",192,2013,4191,9.41,3128,2783
"Corn",219,2013,1048,7.96,NULL,NULL
"Corn",220,2013,19519,9.09,16411,15430
"Corn",234,2013,3397,9.53,NULL,NULL
"Corn",235,2013,7360,8.65,NULL,NULL
"Corn",250,2013,133,10.6,NULL,NULL
"Corn",258,2013,1178,9.09,NULL,NULL
"Corn",259,2013,737,13.4,NULL,NULL
"Corn",260,2013,134,9.22,NULL,NULL
"Corn",261,2013,11804,8.97,8608,10295
"Corn",262,2013,216,7.96,NULL,NULL
"Corn",168,2013,NULL,NULL,NULL,NULL
"Corn",170,2013,NULL,NULL,NULL,NULL
"Corn",1,2012,660,6.27,NULL,NULL
"Corn",9,2012,158,12.2,NULL,NULL
"Corn",10,2012,2844,10.9,NULL,NULL
"Corn",36,2012,868,11.9,NULL,NULL
"Corn",45,2012,3326,8.46,1973,2615
"Corn",56,2012,546,7.21,NULL,NULL
"Corn",75,2012,116,7.21,NULL,NULL
"Corn",86,2012,1339,11.6,NULL,NULL
"Corn",108,2012,668,12.2,NULL,NULL
"Corn",109,2012,35204,6.90,28429,43722
"Corn",111,2012,15367,6.27,11765,22475
"Corn",113,2012,48361,8.78,39629,44105
"Corn",122,2012,9707,5.70,6253,8453
"Corn",124,2012,2649,4.39,1684,3449
"Corn",137,2012,2418,10.6,NULL,NULL
"Corn",148,2012,1241,7.21,NULL,NULL
"Corn",153,2012,6630,7.15,6014,7399
"Corn",154,2012,32689,9.78,29221,26952
"Corn",155,2012,3048,9.41,NULL,NULL
"Corn",156,2012,6381,4.70,3631,6862
"Corn",159,2012,158,6.52,NULL,NULL
"Corn",164,2012,33515,9.09,24316,31767
"Corn",171,2012,264,7.96,NULL,NULL
"Corn",172,2012,185,10.6,NULL,NULL
"Corn",173,2012,1950,7.52,NULL,NULL
"Corn",178,2012,2377,7.52,1107,1700
"Corn",179,2012,8534,6.58,6962,7039
"Corn",183,2012,11585,7.90,9007,12944
"Corn",184,2012,922,6.90,NULL,NULL
"Corn",186,2012,270,12.8,NULL,NULL
"Corn",192,2012,3175,7.84,2084,3128
"Corn",219,2012,929,7.65,NULL,NULL
"Corn",220,2012,12923,6.02,9829,16411
"Corn",234,2012,1922,5.45,NULL,NULL
"Corn",235,2012,6100,9.53,NULL,NULL
"Corn",250,2012,144,10.4,NULL,NULL
"Corn",258,2012,844,5.96,NULL,NULL
"Corn",259,2012,682,13.4,NULL,NULL
"Corn",260,2012,113,8.03,NULL,NULL
"Corn",261,2012,11391,8.15,8473,8608
"Corn",262,2012,216,8.90,NULL,NULL
"Corn",168,2012,NULL,NULL,NULL,NULL
"Corn",170,2012,NULL,NULL,NULL,NULL
"Corn",1,2011,723,6.58,NULL,NULL
"Corn",9,2011,158,11.1,NULL,NULL
"Corn",10,2011,1862,9.15,NULL,NULL
"Corn",36,2011,689,11.6,NULL,NULL
"Corn",45,2011,4391,7.96,2878,1973
"Corn",56,2011,600,7.84,NULL,NULL
"Corn",75,2011,87,6.52,NULL,NULL
"Corn",86,2011,1090,9.22,NULL,NULL
"Corn",108,2011,576,11.8,NULL,NULL
"Corn",109,2011,49249,10.1,42383,28429
"Corn",111,2011,21323,9.09,16810,11765
"Corn",113,2011,59852,10.4,49638,39629
"Corn",122,2011,11414,6.58,7703,6253
"Corn",124,2011,4589,8.72,2614,1684
"Corn",137,2011,1954,8.15,NULL,NULL
"Corn",148,2011,1162,6.52,NULL,NULL
"Corn",153,2011,8510,9.28,6869,6014
"Corn",154,2011,30314,10.3,27239,29221
"Corn",155,2011,2373,7.15,NULL,NULL
"Corn",156,2011,8831,7.52,5849,3631
"Corn",159,2011,116,7.96,NULL,NULL
"Corn",164,2011,39014,10.0,29607,24316
"Corn",171,2011,253,8.15,NULL,NULL
"Corn",172,2011,205,11.2,NULL,NULL
"Corn",173,2011,2094,8.40,NULL,NULL
"Corn",178,2011,1738,4.89,1069,1107
"Corn",179,2011,5494,7.84,4043,6962
"Corn",183,2011,12435,9.59,10110,9007
"Corn",184,2011,443,5.64,NULL,NULL
"Corn",186,2011,278,13.4,NULL,NULL
"Corn",192,2011,2706,7.15,2008,2084
"Corn",219,2011,544,3.57,NULL,NULL
"Corn",220,2011,16596,8.65,13678,9829
"Corn",234,2011,2445,8.59,NULL,NULL
"Corn",235,2011,3397,7.02,NULL,NULL
"Corn",250,2011,124,10.2,NULL,NULL
"Corn",258,2011,1019,7.77,NULL,NULL
"Corn",259,2011,714,13.4,NULL,NULL
"Corn",260,2011,89,7.15,NULL,NULL
"Corn",261,2011,13070,9.84,9800,8473
"Corn",262,2011,231,8.15,NULL,NULL
"Corn",168,2011,NULL,NULL,NULL,NULL
"Corn",170,2011,NULL,NULL,NULL,NULL
"Corn",1,2010,730,7.52,NULL,NULL
"Corn",9,2010,117,13.1,NULL,NULL
"Corn",10,2010,1447,9.53,NULL,NULL
"Corn",36,2010,877,12.2,NULL,NULL
"Corn",45,2010,4640,9.03,2420,2878
"Corn",56,2010,500,7.21,NULL,NULL
"Corn",75,2010,69,6.83,NULL,NULL
"Corn",86,2010,908,8.90,NULL,NULL
"Corn",108,2010,530,11.9,NULL,NULL
"Corn",109,2010,49448,10.9,43709,42383
"Corn",111,2010,22810,10.6,16796,16810
"Corn",113,2010,54692,11.2,48411,49638
"Corn",122,2010,14645,8.65,10425,7703
"Corn",124,2010,3874,8.46,2703,2614
"Corn",137,2010,1778,9.41,NULL,NULL
"Corn",148,2010,1157,6.27,NULL,NULL
"Corn",153,2010,7947,9.66,6326,6869
"Corn",154,2010,32819,11.1,30610,27239
"Corn",155,2010,2314,8.40,NULL,NULL
"Corn",156,2010,9372,8.97,6863,5849
"Corn",159,2010,116,8.46,NULL,NULL
"Corn",164,2010,37315,11.2,30386,29607
"Corn",171,2010,205,7.40,NULL,NULL
"Corn",172,2010,301,11.2,NULL,NULL
"Corn",173,2010,2232,9.03,NULL,NULL
"Corn",178,2010,1941,5.64,1094,1069
"Corn",179,2010,6303,8.78,4982,4043
"Corn",183,2010,13289,10.8,10209,10110
"Corn",184,2010,1105,8.46,NULL,NULL
"Corn",186,2010,193,12.5,NULL,NULL
"Corn",192,2010,2958,8.03,1926,2008
"Corn",219,2010,714,6.21,NULL,NULL
"Corn",220,2010,14470,9.09,13071,13678
"Corn",234,2010,1901,7.65,NULL,NULL
"Corn",235,2010,7607,8.78,NULL,NULL
"Corn",250,2010,103,11.1,NULL,NULL
"Corn",258,2010,527,4.07,NULL,NULL
"Corn",259,2010,650,13.1,NULL,NULL
"Corn",260,2010,66,5.64,NULL,NULL
"Corn",261,2010,12755,9.97,10206,9800
"Corn",262,2010,156,7.71,NULL,NULL
"Corn",168,2010,NULL,NULL,NULL,NULL
"Corn",170,2010,NULL,NULL,NULL,NULL
"Corn",1,2009,685,6.77,NULL,NULL
"Corn",9,2009,88,10.9,NULL,NULL
"Corn",10,2009,1541,9.59,NULL,NULL
"Corn",36,2009,731,11.2,NULL,NULL
"Corn",45,2009,3847,8.65,2575,2420
"Corn",56,2009,600,9.09,NULL,NULL
"Corn",75,2009,91,6.08,NULL,NULL
"Corn",86,2009,1315,8.97,NULL,NULL
"Corn",108,2009,375,11.6,NULL,NULL
"Corn",109,2009,52151,11.2,47484,43709
"Corn",111,2009,23715,10.2,19233,16796
"Corn",113,2009,61145,11.7,55309,48411
"Corn",122,2009,15196,9.03,10473,10425
"Corn",124,2009,4819,9.72,3184,2703
"Corn",137,2009,2045,8.40,NULL,NULL
"Corn",148,2009,1565,8.65,NULL,NULL
"Corn",153,2009,7856,9.15,6236,6326
"Corn",154,2009,31600,10.4,30614,30610
"Corn",155,2009,2259,8.59,NULL,NULL
"Corn",156,2009,11347,9.47,8111,6863
"Corn",159,2009,100,9.53,NULL,NULL
"Corn",164,2009,40237,10.6,34043,30386
"Corn",171,2009,254,8.46,NULL,NULL
"Corn",172,2009,241,11.9,NULL,NULL
"Corn",173,2009,2025,8.34,NULL,NULL
"Corn",178,2009,2377,6.90,1343,1094
"Corn",179,2009,5082,7.52,4380,4982
"Corn",183,2009,13638,10.3,11889,10209
"Corn",184,2009,853,6.58,NULL,NULL
"Corn",186,2009,174,13.4,NULL,NULL
"Corn",192,2009,3318,9.03,2181,1926
"Corn",219,2009,902,6.71,NULL,NULL
"Corn",220,2009,17949,9.22,15806,13071
"Corn",234,2009,2217,8.46,NULL,NULL
"Corn",235,2009,6173,7.84,NULL,NULL
"Corn",250,2009,64,9.41,NULL,NULL
"Corn",258,2009,1098,7.84,NULL,NULL
"Corn",259,2009,573,12.8,NULL,NULL
"Corn",260,2009,96,7.90,NULL,NULL
"Corn",261,2009,11386,8.59,9811,10206
"Corn",262,2009,160,8.78,NULL,NULL
"Corn",168,2009,NULL,NULL,NULL,NULL
"Corn",170,2009,NULL,NULL,NULL,NULL
"Corn",1,2008,620,5.77,NULL,NULL
"Corn",9,2008,62,10.3,NULL,NULL
"Corn",10,2008,1660,10.3,NULL,NULL
"Corn",36,2008,842,10.9,NULL,NULL
"Corn",45,2008,3514,9.09,2223,2575
"Corn",56,2008,482,7.52,NULL,NULL
"Corn",75,2008,97,6.90,NULL,NULL
"Corn",86,2008,1102,8.46,NULL,NULL
"Corn",108,2008,345,10.6,NULL,NULL
"Corn",109,2008,54104,10.7,50602,47484
"Corn",111,2008,22189,10.1,17273,19233
"Corn",113,2008,55595,10.5,51295,55309
"Corn",122,2008,12262,8.40,9271,10473
"Corn",124,2008,3868,8.59,2663,3184
"Corn",137,2008,1865,9.41,NULL,NULL
"Corn",148,2008,1229,7.90,NULL,NULL
"Corn",153,2008,7501,8.78,5651,6236
"Corn",154,2008,29626,10.2,26159,30614
"Corn",155,2008,2489,8.78,NULL,NULL
"Corn",156,2008,9692,8.90,7422,8111
"Corn",159,2008,108,7.65,NULL,NULL
"Corn",164,2008,35398,9.84,30142,34043
"Corn",171,2008,218,7.21,NULL,NULL
"Corn",172,2008,258,10.9,NULL,NULL
"Corn",173,2008,2340,8.21,NULL,NULL
"Corn",178,2008,1644,4.70,1185,1343
"Corn",179,2008,7244,7.84,5773,4380
"Corn",183,2008,10381,9.53,9164,11889
"Corn",184,2008,894,8.40,NULL,NULL
"Corn",186,2008,163,12.2,NULL,NULL
"Corn",192,2008,2972,7.65,1958,2181
"Corn",219,2008,504,3.45,NULL,NULL
"Corn",220,2008,14864,8.46,12387,15806
"Corn",234,2008,1888,7.21,NULL,NULL
"Corn",235,2008,6084,7.77,NULL,NULL
"Corn",250,2008,91,9.84,NULL,NULL
"Corn",258,2008,932,6.52,NULL,NULL
"Corn",259,2008,468,13.1,NULL,NULL
"Corn",260,2008,85,8.15,NULL,NULL
"Corn",261,2008,10021,8.59,8397,9811
"Corn",262,2008,176,8.40,NULL,NULL
"Corn",168,2008,NULL,NULL,NULL,NULL
"Corn",170,2008,NULL,NULL,NULL,NULL
"Corn",1,2007,554,4.07,NULL,NULL
"Corn",9,2007,103,11.6,NULL,NULL
"Corn",10,2007,2532,9.72,NULL,NULL
"Corn",36,2007,878,10.9,NULL,NULL
"Corn",45,2007,3769,9.41,2584,2223
"Corn",56,2007,465,5.01,NULL,NULL
"Corn",75,2007,80,5.64,NULL,NULL
"Corn",86,2007,1451,7.52,NULL,NULL
"Corn",108,2007,453,10.6,NULL,NULL
"Corn",109,2007,58007,11.2,50580,50602
"Corn",111,2007,24916,10.0,18797,17273
"Corn",113,2007,60373,11.4,52258,51295
"Corn",122,2007,12899,8.46,9347,9271
"Corn",124,2007,4356,7.52,2983,2663
"Corn",137,2007,3022,10.0,NULL,NULL
"Corn",148,2007,1192,5.33,NULL,NULL
"Corn",153,2007,7310,7.08,5194,5651
"Corn",154,2007,29110,9.91,25879,26159
"Corn",155,2007,3420,8.15,NULL,NULL
"Corn",156,2007,11628,8.78,7717,7422
"Corn",159,2007,135,8.78,NULL,NULL
"Corn",164,2007,37388,10.9,30356,30142
"Corn",171,2007,258,6.58,NULL,NULL
"Corn",172,2007,246,11.6,NULL,NULL
"Corn",173,2007,1788,7.71,NULL,NULL
"Corn",178,2007,2565,5.58,1613,1185
"Corn",179,2007,6924,7.96,4770,5773
"Corn",183,2007,13754,9.41,10529,9164
"Corn",184,2007,994,8.65,NULL,NULL
"Corn",186,2007,177,12.5,NULL,NULL
"Corn",192,2007,3086,6.90,2178,1958
"Corn",219,2007,911,6.27,NULL,NULL
"Corn",220,2007,13768,7.77,11213,12387
"Corn",234,2007,2127,6.27,NULL,NULL
"Corn",235,2007,7405,9.03,NULL,NULL
"Corn",250,2007,83,9.41,NULL,NULL
"Corn",258,2007,884,5.01,NULL,NULL
"Corn",259,2007,613,13.1,NULL,NULL
"Corn",260,2007,76,6.96,NULL,NULL
"Corn",261,2007,11247,9.28,9458,8397
"Corn",262,2007,196,8.09,NULL,NULL
"Corn",1,2006,301,3.76,NULL,NULL
"Corn",9,2006,77,10.6,NULL,NULL
"Corn",10,2006,667,8.40,NULL,NULL
"Corn",36,2006,461,10.9,NULL,NULL
"Corn",45,2006,3407,9.53,2383,2584
"Corn",56,2006,592,9.09,NULL,NULL
"Corn",75,2006,62,5.14,NULL,NULL
"Corn",86,2006,628,6.52,NULL,NULL
"Corn",108,2006,280,10.6,NULL,NULL
"Corn",109,2006,46163,10.9,41809,50580
"Corn",111,2006,21454,10.4,17289,18797
"Corn",113,2006,52072,10.9,47754,52258
"Corn",122,2006,8763,7.84,6737,9347
"Corn",124,2006,3856,9.53,2517,2983
"Corn",137,2006,1031,8.21,NULL,NULL
"Corn",148,2006,1511,8.90,NULL,NULL
"Corn",153,2006,7280,9.47,5181,5194
"Corn",154,2006,28012,10.2,26907,25879
"Corn",155,2006,883,6.27,NULL,NULL
"Corn",156,2006,9218,8.90,6281,7717
"Corn",159,2006,66,9.15,NULL,NULL
"Corn",164,2006,29921,9.84,25526,30356
"Corn",171,2006,209,8.34,NULL,NULL
"Corn",172,2006,211,11.2,NULL,NULL
"Corn",173,2006,1572,7.52,NULL,NULL
"Corn",178,2006,2481,8.46,1351,1613
"Corn",179,2006,3947,6.58,2819,4770
"Corn",183,2006,11954,10.0,9899,10529
"Corn",184,2006,586,6.58,NULL,NULL
"Corn",186,2006,132,11.2,NULL,NULL
"Corn",192,2006,2974,8.46,1759,2178
"Corn",219,2006,810,6.65,NULL,NULL
"Corn",220,2006,7933,6.58,8283,11213
"Corn",234,2006,1587,7.52,NULL,NULL
"Corn",235,2006,4456,7.27,NULL,NULL
"Corn",250,2006,67,9.84,NULL,NULL
"Corn",258,2006,1051,7.84,NULL,NULL
"Corn",259,2006,400,13.1,NULL,NULL
"Corn",260,2006,79,7.52,NULL,NULL
"Corn",261,2006,10170,9.47,8806,9458
"Corn",262,2006,147,8.09,NULL,NULL
"Corn",1,2005,604,7.40,NULL,NULL
"Corn",9,2005,108,12.2,NULL,NULL
"Corn",10,2005,765,7.84,NULL,NULL
"Corn",36,2005,567,9.72,NULL,NULL
"Corn",45,2005,3571,8.15,2755,2383
"Corn",56,2005,559,8.59,NULL,NULL
"Corn",75,2005,66,5.89,NULL,NULL
"Corn",86,2005,747,7.84,NULL,NULL
"Corn",108,2005,259,10.6,NULL,NULL
"Corn",109,2005,43404,8.53,43095,41809
"Corn",111,2005,22569,9.34,18771,17289
"Corn",113,2005,54927,10.6,50693,47754
"Corn",122,2005,11830,8.15,8847,6737
"Corn",124,2005,3956,7.65,2763,2517
"Corn",137,2005,1139,8.78,NULL,NULL
"Corn",148,2005,1371,8.46,NULL,NULL
"Corn",153,2005,7300,8.59,6017,5181
"Corn",154,2005,30274,9.84,30144,26907
"Corn",155,2005,1168,8.46,NULL,NULL
"Corn",156,2005,8373,6.46,6590,6281
"Corn",159,2005,63,9.28,NULL,NULL
"Corn",164,2005,32270,10.0,30062,25526
"Corn",171,2005,192,7.08,NULL,NULL
"Corn",172,2005,244,11.2,NULL,NULL
"Corn",173,2005,1448,7.34,NULL,NULL
"Corn",178,2005,2133,7.21,1378,1351
"Corn",179,2005,3931,7.52,3589,2819
"Corn",183,2005,11804,8.84,10259,9899
"Corn",184,2005,730,8.28,NULL,NULL
"Corn",186,2005,101,10.0,NULL,NULL
"Corn",192,2005,2974,7.52,1875,1759
"Corn",219,2005,825,6.58,NULL,NULL
"Corn",220,2005,11939,7.27,10467,8283
"Corn",234,2005,1964,7.77,NULL,NULL
"Corn",235,2005,5356,7.52,NULL,NULL
"Corn",250,2005,49,10.2,NULL,NULL
"Corn",258,2005,1078,7.77,NULL,NULL
"Corn",259,2005,416,12.2,NULL,NULL
"Corn",260,2005,77,6.83,NULL,NULL
"Corn",261,2005,10901,8.53,9289,8806
"Corn",262,2005,174,8.78,NULL,NULL
"Corn",170,2005,NULL,NULL,37,NULL
"Corn",1,2004,609,7.52,NULL,NULL
"Corn",9,2004,123,11.2,NULL,NULL
"Corn",10,2004,1084,8.78,NULL,NULL
"Corn",36,2004,666,10.0,NULL,NULL
"Corn",45,2004,3566,8.28,2472,2755
"Corn",56,2004,590,8.03,NULL,NULL
"Corn",75,2004,73,5.64,NULL,NULL
"Corn",86,2004,910,8.15,NULL,NULL
"Corn",108,2004,333,10.9,NULL,NULL
"Corn",109,2004,53035,10.6,42095,43095
"Corn",111,2004,23597,9.84,17387,18771
"Corn",113,2004,57007,10.2,51994,50693
"Corn",122,2004,10972,9.09,7745,8847
"Corn",124,2004,4401,8.90,2615,2763
"Corn",137,2004,1405,8.46,NULL,NULL
"Corn",148,2004,1651,8.97,NULL,NULL
"Corn",153,2004,6534,7.65,5095,6017
"Corn",154,2004,28472,9.22,26261,30144
"Corn",155,2004,1486,8.53,NULL,NULL
"Corn",156,2004,11850,9.03,7118,6590
"Corn",159,2004,54,8.97,NULL,NULL
"Corn",164,2004,33520,9.84,28476,30062
"Corn",171,2004,261,7.52,NULL,NULL
"Corn",172,2004,265,11.2,NULL,NULL
"Corn",173,2004,1549,7.27,NULL,NULL
"Corn",178,2004,2199,7.21,1289,1378
"Corn",179,2004,3067,6.58,2679,3589
"Corn",183,2004,12481,9.78,10717,10259
"Corn",184,2004,762,9.41,NULL,NULL
"Corn",186,2004,120,10.6,NULL,NULL
"Corn",192,2004,3484,8.09,2304,1875
"Corn",219,2004,749,5.96,NULL,NULL
"Corn",220,2004,13703,7.40,11101,10467
"Corn",234,2004,2186,8.78,NULL,NULL
"Corn",235,2004,5931,8.15,NULL,NULL
"Corn",250,2004,47,9.72,NULL,NULL
"Corn",258,2004,1325,8.97,NULL,NULL
"Corn",259,2004,533,12.2,NULL,NULL
"Corn",260,2004,96,8.21,NULL,NULL
"Corn",261,2004,8981,7.96,7349,9289
"Corn",262,2004,166,8.21,NULL,NULL
"Corn",170,2004,NULL,NULL,40,37
"Corn",1,2003,588,7.02,NULL,NULL
"Corn",9,2003,106,11.9,NULL,NULL
"Corn",10,2003,1244,8.78,NULL,NULL
"Corn",36,2003,568,10.6,NULL,NULL
"Corn",45,2003,3051,9.22,1891,2472
"Corn",56,2003,506,8.65,NULL,NULL
"Corn",75,2003,81,5.14,NULL,NULL
"Corn",86,2003,928,8.46,NULL,NULL
"Corn",108,2003,177,8.78,NULL,NULL
"Corn",109,2003,46029,9.66,36917,42095
"Corn",111,2003,19988,9.09,15546,17387
"Corn",113,2003,47454,9.66,41846,51994
"Corn",122,2003,7620,7.52,5139,7745
"Corn",124,2003,3758,8.53,2260,2615
"Corn",137,2003,1701,8.78,NULL,NULL
"Corn",148,2003,1280,8.34,NULL,NULL
"Corn",153,2003,6599,8.09,4991,5095
"Corn",154,2003,24660,9.47,22673,26261
"Corn",155,2003,1790,8.15,NULL,NULL
"Corn",156,2003,7680,6.33,4710,7118
"Corn",159,2003,60,8.78,NULL,NULL
"Corn",164,2003,28554,8.59,24572,28476
"Corn",171,2003,175,6.90,NULL,NULL
"Corn",172,2003,219,10.6,NULL,NULL
"Corn",173,2003,1352,7.21,NULL,NULL
"Corn",178,2003,1830,6.90,948,1289
"Corn",179,2003,3328,6.52,2684,2679
"Corn",183,2003,12164,9.09,9563,10717
"Corn",184,2003,603,8.15,NULL,NULL
"Corn",186,2003,129,10.6,NULL,NULL
"Corn",192,2003,2599,7.65,1562,2304
"Corn",219,2003,573,7.15,NULL,NULL
"Corn",220,2003,10854,6.58,8728,11101
"Corn",234,2003,2062,8.15,NULL,NULL
"Corn",235,2003,4945,6.96,NULL,NULL
"Corn",250,2003,51,9.72,NULL,NULL
"Corn",258,2003,963,8.15,NULL,NULL
"Corn",259,2003,346,12.2,NULL,NULL
"Corn",260,2003,78,7.21,NULL,NULL
"Corn",261,2003,9338,8.21,7145,7349
"Corn",262,2003,163,8.09,NULL,NULL
"Corn",170,2003,NULL,NULL,15,40
"Corn",1,2002,402,5.27,NULL,NULL
"Corn",9,2002,131,11.6,NULL,NULL
"Corn",10,2002,867,8.78,NULL,NULL
"Corn",36,2002,647,10.9,NULL,NULL
"Corn",45,2002,2743,8.97,2069,1891
"Corn",56,2002,356,5.08,NULL,NULL
"Corn",75,2002,90,6.02,NULL,NULL
"Corn",86,2002,810,8.15,NULL,NULL
"Corn",108,2002,177,9.72,NULL,NULL
"Corn",109,2002,37376,8.78,34606,36917
"Corn",111,2002,16043,7.46,13090,15546
"Corn",113,2002,49061,9.34,43813,41846
"Corn",122,2002,7660,6.58,5706,5139
"Corn",124,2002,2826,6.52,2076,2260
"Corn",137,2002,1659,8.15,NULL,NULL
"Corn",148,2002,798,4.89,NULL,NULL
"Corn",153,2002,5943,7.21,4820,4991
"Corn",154,2002,26718,9.09,24338,22673
"Corn",155,2002,1615,7.84,NULL,NULL
"Corn",156,2002,7200,6.39,4936,4710
"Corn",159,2002,46,8.78,NULL,NULL
"Corn",164,2002,23896,7.46,21741,24572
"Corn",171,2002,108,4.64,NULL,NULL
"Corn",172,2002,217,11.2,NULL,NULL
"Corn",173,2002,1133,6.14,NULL,NULL
"Corn",178,2002,1433,4.51,950,948
"Corn",179,2002,2881,6.90,2247,2684
"Corn",183,2002,6713,6.90,6660,9563
"Corn",184,2002,627,8.15,NULL,NULL
"Corn",186,2002,81,10.0,NULL,NULL
"Corn",192,2002,1450,4.51,1115,1562
"Corn",219,2002,310,2.19,NULL,NULL
"Corn",220,2002,7842,6.08,7700,8728
"Corn",234,2002,1657,6.65,NULL,NULL
"Corn",235,2002,5137,6.77,NULL,NULL
"Corn",250,2002,57,8.90,NULL,NULL
"Corn",258,2002,561,4.57,NULL,NULL
"Corn",259,2002,337,11.9,NULL,NULL
"Corn",260,2002,80,6.58,NULL,NULL
"Corn",261,2002,9944,8.15,7552,7145
"Corn",262,2002,105,7.46,NULL,NULL
"Corn",170,2002,NULL,NULL,31,15
"Corn",1,2001,407,6.90,NULL,NULL
"Corn",9,2001,147,13.0,NULL,NULL
"Corn",10,2001,681,9.09,NULL,NULL
"Corn",36,2001,690,10.9,NULL,NULL
"Corn",45,2001,3804,8.34,2458,2069
"Corn",56,2001,600,8.90,NULL,NULL
"Corn",75,2001,57,5.45,NULL,NULL
"Corn",86,2001,748,7.52,NULL,NULL
"Corn",108,2001,171,9.41,NULL,NULL
"Corn",109,2001,41889,9.15,38535,34606
"Corn",111,2001,22466,9.53,17535,13090
"Corn",113,2001,42275,8.65,41252,43813
"Corn",122,2001,9838,7.96,6655,5706
"Corn",124,2001,3967,8.15,2781,2076
"Corn",137,2001,1154,8.46,NULL,NULL
"Corn",148,2001,1416,8.65,NULL,NULL
"Corn",153,2001,5067,5.77,4462,4820
"Corn",154,2001,20472,8.03,23125,24338
"Corn",155,2001,1271,8.03,NULL,NULL
"Corn",156,2001,8783,8.53,5715,4936
"Corn",159,2001,48,9.28,NULL,NULL
"Corn",164,2001,28937,8.65,26428,21741
"Corn",171,2001,187,7.08,NULL,NULL
"Corn",172,2001,210,10.6,NULL,NULL
"Corn",173,2001,1440,5.96,NULL,NULL
"Corn",178,2001,1984,7.08,1164,950
"Corn",179,2001,2059,6.90,1697,2247
"Corn",183,2001,11111,8.72,9469,6660
"Corn",184,2001,666,7.84,NULL,NULL
"Corn",186,2001,64,8.78,NULL,NULL
"Corn",192,2001,2389,6.14,1648,1115
"Corn",219,2001,658,6.27,NULL,NULL
"Corn",220,2001,9413,7.27,7738,7700
"Corn",234,2001,2045,7.96,NULL,NULL
"Corn",235,2001,4256,7.21,NULL,NULL
"Corn",250,2001,54,8.90,NULL,NULL
"Corn",258,2001,1030,7.15,NULL,NULL
"Corn",259,2001,265,10.9,NULL,NULL
"Corn",260,2001,79,7.52,NULL,NULL
"Corn",261,2001,8387,7.65,7119,7552
"Corn",262,2001,161,7.84,NULL,NULL
"Corn",170,2001,NULL,NULL,31,31
"Corn",1,2000,272,4.39,NULL,NULL
"Corn",9,2000,164,12.2,NULL,NULL
"Corn",10,2000,577,7.52,NULL,NULL
"Corn",36,2000,885,10.6,NULL,NULL
"Corn",45,2000,3680,8.46,2266,2458
"Corn",56,2000,637,10.0,NULL,NULL
"Corn",75,2000,47,4.70,NULL,NULL
"Corn",86,2000,652,6.27,NULL,NULL
"Corn",108,2000,231,10.0,NULL,NULL
"Corn",109,2000,42381,9.91,38955,38535
"Corn",111,2000,20581,9.72,15924,17535
"Corn",113,2000,43891,9.72,44149,41252
"Corn",122,2000,10467,8.34,6726,6655
"Corn",124,2000,4061,7.96,2793,2781
"Corn",137,2000,1090,6.77,NULL,NULL
"Corn",148,2000,1594,9.72,NULL,NULL
"Corn",153,2000,6141,8.21,5161,4462
"Corn",154,2000,24491,9.78,25212,23125
"Corn",155,2000,927,6.46,NULL,NULL
"Corn",156,2000,10061,8.72,6133,5715
"Corn",159,2000,56,8.78,NULL,NULL
"Corn",164,2000,25763,8.03,24556,26428
"Corn",171,2000,255,8.03,NULL,NULL
"Corn",172,2000,268,11.2,NULL,NULL
"Corn",173,2000,1120,6.65,NULL,NULL
"Corn",178,2000,1885,6.90,1242,1164
"Corn",179,2000,2645,7.27,2259,1697
"Corn",183,2000,12321,9.09,9867,9469
"Corn",184,2000,853,8.46,NULL,NULL
"Corn",186,2000,123,11.2,NULL,NULL
"Corn",192,2000,3483,8.09,2617,1648
"Corn",219,2000,462,4.39,NULL,NULL
"Corn",220,2000,10810,6.77,8983,7738
"Corn",234,2000,1679,6.77,NULL,NULL
"Corn",235,2000,5984,8.28,NULL,NULL
"Corn",250,2000,65,9.03,NULL,NULL
"Corn",258,2000,1223,8.46,NULL,NULL
"Corn",259,2000,469,11.6,NULL,NULL
"Corn",260,2000,115,8.15,NULL,NULL
"Corn",261,2000,9220,8.78,8010,7119
"Corn",262,2000,194,8.28,NULL,NULL
"Corn",170,2000,NULL,NULL,14,31
"Corn",1,1999,523,6.27,NULL,NULL
"Corn",9,1999,148,11.9,NULL,NULL
"Corn",10,1999,330,7.84,NULL,NULL
"Corn",36,1999,798,11.6,NULL,NULL
"Corn",45,1999,4039,9.15,2866,2266
"Corn",56,1999,348,5.27,NULL,NULL
"Corn",75,1999,94,5.52,NULL,NULL
"Corn",86,1999,784,6.08,NULL,NULL
"Corn",108,1999,216,9.72,NULL,NULL
"Corn",109,1999,37871,8.78,35960,38955
"Corn",111,1999,19010,8.03,15301,15924
"Corn",113,1999,44658,9.47,41900,44149
"Corn",122,1999,10672,8.90,6682,6726
"Corn",124,1999,3147,6.14,2190,2793
"Corn",137,1999,1014,7.96,NULL,NULL
"Corn",148,1999,850,5.33,NULL,NULL
"Corn",153,1999,6438,7.96,5163,5161
"Corn",154,1999,25146,8.90,23532,25212
"Corn",155,1999,921,6.90,NULL,NULL
"Corn",156,1999,6282,5.96,4404,6133
"Corn",159,1999,50,8.46,NULL,NULL
"Corn",164,1999,29304,8.65,26154,24556
"Corn",171,1999,56,2.50,NULL,NULL
"Corn",172,1999,379,10.6,NULL,NULL
"Corn",173,1999,1513,6.39,NULL,NULL
"Corn",178,1999,1300,5.64,816,1242
"Corn",179,1999,1946,6.71,1663,2259
"Corn",183,1999,10241,7.84,8912,9867
"Corn",184,1999,1031,8.46,NULL,NULL
"Corn",186,1999,133,11.9,NULL,NULL
"Corn",192,1999,1564,4.51,1492,2617
"Corn",219,1999,488,4.39,NULL,NULL
"Corn",220,1999,9328,6.58,7948,8983
"Corn",234,1999,1476,6.14,NULL,NULL
"Corn",235,1999,5799,8.46,NULL,NULL
"Corn",250,1999,72,8.97,NULL,NULL
"Corn",258,1999,554,5.01,NULL,NULL
"Corn",259,1999,457,12.2,NULL,NULL
"Corn",260,1999,33,4.07,NULL,NULL
"Corn",261,1999,10351,8.97,8433,8010
"Corn",262,1999,155,8.15,NULL,NULL
"Corn",170,1999,NULL,NULL,15,14
"Corn",1,1998,320,3.76,NULL,NULL
"Corn",9,1998,133,10.6,NULL,NULL
"Corn",10,1998,546,7.21,NULL,NULL
"Corn",36,1998,995,10.0,NULL,NULL
"Corn",45,1998,3940,8.78,2652,2866
"Corn",56,1998,393,6.27,NULL,NULL
"Corn",75,1998,86,3.76,NULL,NULL
"Corn",86,1998,572,5.52,NULL,NULL
"Corn",108,1998,198,10.0,NULL,NULL
"Corn",109,1998,37425,9.09,34560,35960
"Corn",111,1998,19312,8.72,14871,15301
"Corn",113,1998,44932,8.97,41457,41900
"Corn",122,1998,10641,8.97,6458,6682
"Corn",124,1998,3446,7.84,2185,2190
"Corn",137,1998,1110,5.01,NULL,NULL
"Corn",148,1998,1107,6.27,NULL,NULL
"Corn",153,1998,5779,6.39,5321,5163
"Corn",154,1998,26231,8.84,22947,23532
"Corn",155,1998,1092,5.01,NULL,NULL
"Corn",156,1998,7239,7.59,5200,4404
"Corn",159,1998,52,8.15,NULL,NULL
"Corn",164,1998,31489,9.09,27304,26154
"Corn",171,1998,229,7.77,NULL,NULL
"Corn",172,1998,356,10.6,NULL,NULL
"Corn",173,1998,1679,7.15,NULL,NULL
"Corn",178,1998,1369,4.39,894,816
"Corn",179,1998,2242,6.14,1724,1663
"Corn",183,1998,11961,8.97,9124,8912
"Corn",184,1998,726,7.52,NULL,NULL
"Corn",186,1998,159,11.2,NULL,NULL
"Corn",192,1998,2960,6.58,1782,1492
"Corn",219,1998,279,2.50,NULL,NULL
"Corn",220,1998,10910,6.65,7972,7948
"Corn",234,1998,1511,6.58,NULL,NULL
"Corn",235,1998,4699,5.96,NULL,NULL
"Corn",250,1998,85,8.34,NULL,NULL
"Corn",258,1998,640,5.64,NULL,NULL
"Corn",259,1998,482,11.6,NULL,NULL
"Corn",260,1998,69,6.58,NULL,NULL
"Corn",261,1998,10265,8.15,8983,8433
"Corn",262,1998,193,7.77,NULL,NULL
"Corn",170,1998,NULL,NULL,43,15
"Corn",1,1997,552,5.96,NULL,NULL
"Corn",9,1997,167,10.9,NULL,NULL
"Corn",10,1997,587,6.90,NULL,NULL
"Corn",36,1997,1144,10.3,NULL,NULL
"Corn",45,1997,3634,9.28,2352,2652
"Corn",56,1997,426,6.27,NULL,NULL
"Corn",75,1997,152,6.27,NULL,NULL
"Corn",86,1997,1200,6.90,NULL,NULL
"Corn",108,1997,169,9.09,NULL,NULL
"Corn",109,1997,36206,7.96,31185,34560
"Corn",111,1997,17818,7.65,14039,14871
"Corn",113,1997,41711,8.78,35551,41457
"Corn",122,1997,9443,8.15,5857,6458
"Corn",124,1997,3008,6.77,1844,2185
"Corn",137,1997,1239,7.21,NULL,NULL
"Corn",148,1997,937,5.01,NULL,NULL
"Corn",153,1997,6478,6.90,5222,5321
"Corn",154,1997,21625,8.15,18869,22947
"Corn",155,1997,1176,6.58,NULL,NULL
"Corn",156,1997,7594,7.02,4972,5200
"Corn",159,1997,48,8.15,NULL,NULL
"Corn",164,1997,28834,8.34,25098,27304
"Corn",171,1997,257,5.96,NULL,NULL
"Corn",172,1997,377,10.6,NULL,NULL
"Corn",173,1997,1676,7.27,NULL,NULL
"Corn",178,1997,1966,5.33,923,894
"Corn",179,1997,1483,5.96,1211,1724
"Corn",183,1997,12082,8.15,10230,9124
"Corn",184,1997,595,9.41,NULL,NULL
"Corn",186,1997,133,11.6,NULL,NULL
"Corn",192,1997,2514,5.33,1692,1782
"Corn",219,1997,784,6.27,NULL,NULL
"Corn",220,1997,8290,6.27,6561,7972
"Corn",234,1997,1606,6.58,NULL,NULL
"Corn",235,1997,6134,8.46,3562,NULL
"Corn",250,1997,74,7.84,NULL,NULL
"Corn",258,1997,767,5.20,NULL,NULL
"Corn",259,1997,458,11.9,NULL,NULL
"Corn",260,1997,86,5.96,NULL,NULL
"Corn",261,1997,10226,7.90,7561,8983
"Corn",262,1997,178,7.65,NULL,NULL
"Corn",170,1997,NULL,NULL,17,43
"Corn",1,1996,562,5.01,NULL,NULL
"Corn",9,1996,177,10.9,NULL,NULL
"Corn",10,1996,730,5.96,NULL,NULL
"Corn",36,1996,894,10.9,NULL,NULL
"Corn",45,1996,3210,8.78,1992,2352
"Corn",56,1996,559,7.84,NULL,NULL
"Corn",75,1996,250,5.01,NULL,NULL
"Corn",86,1996,1266,5.64,NULL,NULL
"Corn",108,1996,137,7.84,NULL,NULL
"Corn",109,1996,37307,8.09,30054,31185
"Corn",111,1996,17026,7.40,12693,14039
"Corn",113,1996,43464,8.21,35433,35551
"Corn",122,1996,9072,9.09,5722,5857
"Corn",124,1996,3779,7.65,2170,1844
"Corn",137,1996,1660,6.90,NULL,NULL
"Corn",148,1996,1641,7.52,NULL,NULL
"Corn",153,1996,5372,5.89,4442,5222
"Corn",154,1996,22066,7.21,17524,18869
"Corn",155,1996,1541,5.83,NULL,NULL
"Corn",156,1996,8645,7.65,5460,4972
"Corn",159,1996,52,8.15,NULL,NULL
"Corn",164,1996,29965,8.72,25535,25098
"Corn",171,1996,300,6.71,NULL,NULL
"Corn",172,1996,373,10.3,NULL,NULL
"Corn",173,1996,1648,6.96,NULL,NULL
"Corn",178,1996,2171,6.02,1120,923
"Corn",179,1996,1386,5.01,1244,1211
"Corn",183,1996,7894,6.77,6743,10230
"Corn",184,1996,626,6.58,NULL,NULL
"Corn",186,1996,155,11.2,NULL,NULL
"Corn",192,1996,3234,7.71,2331,1692
"Corn",219,1996,762,4.70,NULL,NULL
"Corn",220,1996,9271,5.27,6691,6561
"Corn",234,1996,1915,6.90,NULL,NULL
"Corn",235,1996,5035,5.96,2476,3562
"Corn",250,1996,70,8.46,NULL,NULL
"Corn",258,1996,992,7.52,NULL,NULL
"Corn",259,1996,563,11.2,NULL,NULL
"Corn",260,1996,106,6.27,NULL,NULL
"Corn",261,1996,8458,6.83,6483,7561
"Corn",262,1996,156,7.21,NULL,NULL
"Corn",170,1996,NULL,NULL,17,17
"Corn",1,1995,419,4.39,NULL,NULL
"Corn",9,1995,94,10.0,NULL,NULL
"Corn",10,1995,248,7.84,NULL,NULL
"Corn",36,1995,609,10.0,NULL,NULL
"Corn",45,1995,2340,9.09,1507,1992
"Corn",56,1995,384,6.27,NULL,NULL
"Corn",75,1995,137,4.83,NULL,NULL
"Corn",86,1995,800,6.27,NULL,NULL
"Corn",108,1995,124,8.78,NULL,NULL
"Corn",109,1995,28702,7.90,27238,30054
"Corn",111,1995,15212,7.84,11775,12693
"Corn",113,1995,36240,7.84,32685,35433
"Corn",122,1995,6204,8.78,3671,5722
"Corn",124,1995,3127,7.65,1882,2170
"Corn",137,1995,589,6.58,NULL,NULL
"Corn",148,1995,1066,6.58,NULL,NULL
"Corn",153,1995,6338,7.52,4914,4442
"Corn",154,1995,18589,8.15,17023,17524
"Corn",155,1995,663,5.96,NULL,NULL
"Corn",156,1995,3808,6.58,3056,5460
"Corn",159,1995,48,8.78,NULL,NULL
"Corn",164,1995,21709,7.52,18700,25535
"Corn",171,1995,184,6.90,NULL,NULL
"Corn",172,1995,296,10.6,NULL,NULL
"Corn",173,1995,1653,6.08,NULL,NULL
"Corn",178,1995,1902,6.58,1053,1120
"Corn",179,1995,1023,5.14,861,1244
"Corn",183,1995,9527,7.65,7400,6743
"Corn",184,1995,412,7.52,NULL,NULL
"Corn",186,1995,85,8.78,NULL,NULL
"Corn",192,1995,2389,6.65,1854,2331
"Corn",219,1995,612,5.58,NULL,NULL
"Corn",220,1995,4916,5.01,4454,6691
"Corn",234,1995,1618,7.52,NULL,NULL
"Corn",235,1995,5501,7.21,2840,2476
"Corn",250,1995,50,7.84,NULL,NULL
"Corn",258,1995,775,6.27,NULL,NULL
"Corn",259,1995,492,11.9,NULL,NULL
"Corn",260,1995,101,6.90,NULL,NULL
"Corn",261,1995,8831,7.77,7126,6483
"Corn",262,1995,126,7.40,NULL,NULL
"Corn",170,1995,NULL,NULL,37,17
"Corn",1,1994,633,5.64,NULL,NULL
"Corn",9,1994,64,10.6,NULL,NULL
"Corn",10,1994,274,7.52,NULL,NULL
"Corn",36,1994,777,10.6,NULL,NULL
"Corn",45,1994,3200,9.09,2047,1507
"Corn",56,1994,476,7.21,NULL,NULL
"Corn",75,1994,172,4.70,NULL,NULL
"Corn",86,1994,1453,6.52,NULL,NULL
"Corn",108,1994,124,8.46,NULL,NULL
"Corn",109,1994,45369,8.65,37149,27238
"Corn",111,1994,21799,8.28,16029,11775
"Corn",113,1994,48646,9.09,42986,32685
"Corn",122,1994,7627,8.78,5180,3671
"Corn",124,1994,3966,7.27,2487,1882
"Corn",137,1994,893,6.90,NULL,NULL
"Corn",148,1994,1168,6.90,NULL,NULL
"Corn",153,1994,6478,6.65,5698,4914
"Corn",154,1994,23263,8.78,21029,17023
"Corn",155,1994,673,6.39,NULL,NULL
"Corn",156,1994,6893,6.96,5013,3056
"Corn",159,1994,58,6.90,NULL,NULL
"Corn",164,1994,29127,8.21,25140,18700
"Corn",171,1994,244,6.90,NULL,NULL
"Corn",172,1994,323,10.3,NULL,NULL
"Corn",173,1994,1679,6.90,NULL,NULL
"Corn",178,1994,2080,5.64,1301,1053
"Corn",179,1994,1320,5.39,1078,861
"Corn",183,1994,12357,8.09,10518,7400
"Corn",184,1994,448,6.27,NULL,NULL
"Corn",186,1994,86,10.6,NULL,NULL
"Corn",192,1994,3139,7.27,2643,1854
"Corn",219,1994,744,4.32,NULL,NULL
"Corn",220,1994,9189,5.58,7193,4454
"Corn",234,1994,1679,7.52,NULL,NULL
"Corn",235,1994,6062,7.34,3031,2840
"Corn",250,1994,72,8.15,NULL,NULL
"Corn",258,1994,871,5.89,NULL,NULL
"Corn",259,1994,493,11.2,NULL,NULL
"Corn",260,1994,93,5.64,NULL,NULL
"Corn",261,1994,11102,7.65,8841,7126
"Corn",262,1994,148,7.52,NULL,NULL
"Corn",170,1994,NULL,NULL,35,37
"Corn",1,1993,349,4.07,NULL,NULL
"Corn",9,1993,40,10.6,NULL,NULL
"Corn",10,1993,208,7.84,NULL,NULL
"Corn",36,1993,712,10.3,NULL,NULL
"Corn",45,1993,2712,8.78,1489,2047
"Corn",56,1993,345,5.01,NULL,NULL
"Corn",75,1993,165,3.63,NULL,NULL
"Corn",86,1993,995,4.07,NULL,NULL
"Corn",108,1993,142,7.52,NULL,NULL
"Corn",109,1993,33020,8.78,31218,37149
"Corn",111,1993,18105,8.53,14746,16029
"Corn",113,1993,22352,7.02,27386,42986
"Corn",122,1993,5486,8.46,3652,5180
"Corn",124,1993,3222,6.27,2046,2487
"Corn",137,1993,506,6.90,NULL,NULL
"Corn",148,1993,832,5.64,NULL,NULL
"Corn",153,1993,5727,6.90,5284,5698
"Corn",154,1993,8178,5.33,11320,21029
"Corn",155,1993,376,5.01,NULL,NULL
"Corn",156,1993,4229,6.58,3793,5013
"Corn",159,1993,53,7.21,NULL,NULL
"Corn",164,1993,19944,7.65,18903,25140
"Corn",171,1993,195,5.64,NULL,NULL
"Corn",172,1993,356,10.3,NULL,NULL
"Corn",173,1993,1440,6.52,NULL,NULL
"Corn",178,1993,1403,3.45,995,1301
"Corn",179,1993,417,3.76,441,1078
"Corn",183,1993,9164,7.21,7799,10518
"Corn",184,1993,386,7.52,NULL,NULL
"Corn",186,1993,74,8.78,NULL,NULL
"Corn",192,1993,2365,5.89,2339,2643
"Corn",219,1993,243,2.19,NULL,NULL
"Corn",220,1993,4080,4.20,4381,7193
"Corn",234,1993,1173,5.01,NULL,NULL
"Corn",235,1993,5403,7.21,2904,3031
"Corn",250,1993,72,8.65,NULL,NULL
"Corn",258,1993,434,3.76,NULL,NULL
"Corn",259,1993,386,10.6,NULL,NULL
"Corn",260,1993,92,6.27,NULL,NULL
"Corn",261,1993,5491,6.58,5372,8841
"Corn",262,1993,89,7.21,NULL,NULL
"Corn",170,1993,NULL,NULL,46,35
"Corn",1,1992,704,5.14,NULL,NULL
"Corn",9,1992,47,10.0,NULL,NULL
"Corn",10,1992,313,6.58,NULL,NULL
"Corn",36,1992,628,9.72,NULL,NULL
"Corn",45,1992,3308,9.09,1998,1489
"Corn",56,1992,486,6.90,NULL,NULL
"Corn",75,1992,209,5.01,NULL,NULL
"Corn",86,1992,1752,5.96,NULL,NULL
"Corn",108,1992,108,7.84,NULL,NULL
"Corn",109,1992,41819,8.15,35802,31218
"Corn",111,1992,22290,8.15,18037,14746
"Corn",113,1992,48352,8.21,44394,27386
"Corn",122,1992,6591,8.59,4234,3652
"Corn",124,1992,4358,7.27,2646,2046
"Corn",137,1992,941,6.90,NULL,NULL
"Corn",148,1992,1480,6.90,NULL,NULL
"Corn",153,1992,6134,6.58,6259,5284
"Corn",154,1992,18821,7.65,18386,11320
"Corn",155,1992,685,5.77,NULL,NULL
"Corn",156,1992,8229,7.21,5254,3793
"Corn",159,1992,69,7.84,NULL,NULL
"Corn",164,1992,27089,8.03,24170,18903
"Corn",171,1992,249,7.02,NULL,NULL
"Corn",172,1992,288,10.3,NULL,NULL
"Corn",173,1992,1285,6.77,NULL,NULL
"Corn",178,1992,2509,5.33,1591,995
"Corn",179,1992,928,4.70,828,441
"Corn",183,1992,12894,8.03,10306,7799
"Corn",184,1992,462,7.52,NULL,NULL
"Corn",186,1992,57,8.78,NULL,NULL
"Corn",192,1992,3017,7.21,2727,2339
"Corn",219,1992,782,5.20,NULL,NULL
"Corn",220,1992,7040,5.20,6185,4381
"Corn",234,1992,2015,6.71,NULL,NULL
"Corn",235,1992,5143,6.90,3019,2904
"Corn",250,1992,82,8.46,NULL,NULL
"Corn",258,1992,1060,6.58,NULL,NULL
"Corn",259,1992,402,11.2,NULL,NULL
"Corn",260,1992,137,6.27,NULL,NULL
"Corn",261,1992,7792,6.90,6743,5372
"Corn",262,1992,131,7.21,NULL,NULL
"Corn",170,1992,NULL,NULL,13,46
"Corn",1,1991,426,4.70,NULL,NULL
"Corn",9,1991,21,10.3,NULL,NULL
"Corn",10,1991,203,6.58,NULL,NULL
"Corn",36,1991,467,10.3,NULL,NULL
"Corn",45,1991,3381,9.72,2340,1998
"Corn",56,1991,455,5.64,NULL,NULL
"Corn",75,1991,129,4.39,NULL,NULL
"Corn",86,1991,1397,6.27,NULL,NULL
"Corn",108,1991,200,7.84,NULL,NULL
"Corn",109,1991,29895,6.58,27541,35802
"Corn",111,1991,12969,5.83,11245,18037
"Corn",113,1991,36256,7.02,34235,44394
"Corn",122,1991,5238,7.52,3677,4234
"Corn",124,1991,2825,5.64,2132,2646
"Corn",137,1991,533,5.96,NULL,NULL
"Corn",148,1991,1085,4.83,NULL,NULL
"Corn",153,1991,6426,6.58,6049,6259
"Corn",154,1991,18288,7.84,18525,18386
"Corn",155,1991,285,4.70,NULL,NULL
"Corn",156,1991,5420,5.77,3819,5254
"Corn",159,1991,45,5.64,NULL,NULL
"Corn",164,1991,25161,7.65,22358,24170
"Corn",171,1991,215,7.02,NULL,NULL
"Corn",172,1991,251,9.72,NULL,NULL
"Corn",173,1991,1493,5.64,NULL,NULL
"Corn",178,1991,2171,5.64,1534,1591
"Corn",179,1991,1303,5.64,1038,828
"Corn",183,1991,8290,5.64,7603,10306
"Corn",184,1991,277,7.21,NULL,NULL
"Corn",186,1991,55,9.41,NULL,NULL
"Corn",192,1991,1638,4.39,1620,2727
"Corn",219,1991,550,5.52,NULL,NULL
"Corn",220,1991,6108,4.70,4836,6185
"Corn",234,1991,1114,5.58,NULL,NULL
"Corn",235,1991,4191,7.02,2585,3019
"Corn",250,1991,74,8.78,NULL,NULL
"Corn",258,1991,714,5.01,NULL,NULL
"Corn",259,1991,402,10.6,NULL,NULL
"Corn",260,1991,72,4.39,NULL,NULL
"Corn",261,1991,9672,7.21,8077,6743
"Corn",262,1991,148,6.90,NULL,NULL
"Corn",170,1991,NULL,NULL,51,13
"Corn",1,1990,353,3.76,NULL,NULL
"Corn",9,1990,28,9.72,NULL,NULL
"Corn",10,1990,176,6.58,NULL,NULL
"Corn",36,1990,650,10.0,NULL,NULL
"Corn",45,1990,3267,9.41,1720,2340
"Corn",56,1990,502,6.52,NULL,NULL
"Corn",75,1990,135,4.45,NULL,NULL
"Corn",86,1990,949,3.88,NULL,NULL
"Corn",108,1990,99,7.52,NULL,NULL
"Corn",109,1990,33548,8.40,31226,27541
"Corn",111,1990,17857,8.28,14683,11245
"Corn",113,1990,39685,8.46,37377,34235
"Corn",122,1990,4787,8.15,2960,3677
"Corn",124,1990,3048,6.08,2069,2132
"Corn",137,1990,548,6.90,NULL,NULL
"Corn",148,1990,1348,6.52,NULL,NULL
"Corn",153,1990,6046,7.21,5564,6049
"Corn",154,1990,19370,7.84,18278,18525
"Corn",155,1990,284,4.70,NULL,NULL
"Corn",156,1990,5227,6.46,3968,3819
"Corn",159,1990,21,5.83,NULL,NULL
"Corn",164,1990,23733,8.28,21205,22358
"Corn",171,1990,224,6.71,NULL,NULL
"Corn",172,1990,202,8.78,NULL,NULL
"Corn",173,1990,1543,6.58,NULL,NULL
"Corn",178,1990,1848,3.95,1339,1534
"Corn",179,1990,934,4.70,914,1038
"Corn",183,1990,10603,7.84,8910,7603
"Corn",184,1990,254,6.27,NULL,NULL
"Corn",186,1990,68,9.72,NULL,NULL
"Corn",192,1990,2784,6.90,2679,1620
"Corn",219,1990,390,3.13,NULL,NULL
"Corn",220,1990,5943,5.08,4899,4836
"Corn",234,1990,1114,5.01,NULL,NULL
"Corn",235,1990,3314,5.96,2180,2585
"Corn",250,1990,67,8.59,NULL,NULL
"Corn",258,1990,927,5.64,NULL,NULL
"Corn",259,1990,355,10.9,NULL,NULL
"Corn",260,1990,133,5.96,NULL,NULL
"Corn",261,1990,8991,7.21,8695,8077
"Corn",262,1990,152,6.90,NULL,NULL
"Corn",170,1990,NULL,NULL,18,51
"Corn",1,1989,370,5.01,NULL,NULL
"Corn",9,1989,47,9.41,NULL,NULL
"Corn",10,1989,179,7.52,NULL,NULL
"Corn",36,1989,751,9.41,NULL,NULL
"Corn",45,1989,3425,9.72,2193,1720
"Corn",56,1989,337,6.58,NULL,NULL
"Corn",75,1989,150,4.83,NULL,NULL
"Corn",86,1989,1327,6.27,NULL,NULL
"Corn",108,1989,158,7.84,NULL,NULL
"Corn",109,1989,33585,7.65,31715,31226
"Corn",111,1989,17566,8.03,14428,14683
"Corn",113,1989,36715,6.77,37054,37377
"Corn",122,1989,3937,8.15,2594,2960
"Corn",124,1989,3476,7.02,2271,2069
"Corn",137,1989,342,6.90,NULL,NULL
"Corn",148,1989,1117,6.46,NULL,NULL
"Corn",153,1989,5654,6.58,5154,5564
"Corn",154,1989,17780,7.21,19984,18278
"Corn",155,1989,248,5.01,NULL,NULL
"Corn",156,1989,5583,6.39,4467,3968
"Corn",159,1989,8,6.90,NULL,NULL
"Corn",164,1989,21513,7.21,23463,21205
"Corn",171,1989,183,5.96,NULL,NULL
"Corn",172,1989,243,9.72,NULL,NULL
"Corn",173,1989,1346,5.64,NULL,NULL
"Corn",178,1989,2244,5.96,1498,1339
"Corn",179,1989,885,4.70,965,914
"Corn",183,1989,8855,7.21,7495,8910
"Corn",184,1989,237,6.90,NULL,NULL
"Corn",186,1989,89,10.0,NULL,NULL
"Corn",192,1989,2511,6.77,2338,2679
"Corn",219,1989,785,5.64,NULL,NULL
"Corn",220,1989,4846,4.70,4545,4899
"Corn",234,1989,1440,6.58,NULL,NULL
"Corn",235,1989,3769,6.83,2766,2180
"Corn",250,1989,67,8.40,NULL,NULL
"Corn",258,1989,1019,6.65,NULL,NULL
"Corn",259,1989,400,10.9,NULL,NULL
"Corn",260,1989,110,5.96,NULL,NULL
"Corn",261,1989,7894,6.90,8423,8695
"Corn",262,1989,98,7.21,NULL,NULL
"Corn",170,1989,NULL,NULL,14,18
"Corn",1,1988,189,2.63,NULL,NULL
"Corn",9,1988,51,8.15,NULL,NULL
"Corn",10,1988,152,5.64,NULL,NULL
"Corn",36,1988,688,9.59,NULL,NULL
"Corn",45,1988,3251,9.09,2722,2193
"Corn",56,1988,248,4.70,NULL,NULL
"Corn",75,1988,95,3.45,NULL,NULL
"Corn",86,1988,787,4.07,NULL,NULL
"Corn",108,1988,165,8.46,NULL,NULL
"Corn",109,1988,17800,4.39,29775,31715
"Corn",111,1988,10541,4.64,13009,14428
"Corn",113,1988,22829,4.89,36665,37054
"Corn",122,1988,3651,6.90,2971,2594
"Corn",124,1988,2039,4.07,2212,2271
"Corn",137,1988,301,5.64,NULL,NULL
"Corn",148,1988,693,3.51,NULL,NULL
"Corn",153,1988,2844,4.07,4593,5154
"Corn",154,1988,8834,4.07,19921,19984
"Corn",155,1988,228,3.45,NULL,NULL
"Corn",156,1988,3899,4.39,4433,4467
"Corn",159,1988,55,6.90,NULL,NULL
"Corn",164,1988,20787,7.02,28184,23463
"Corn",171,1988,140,4.07,NULL,NULL
"Corn",172,1988,216,9.72,NULL,NULL
"Corn",173,1988,1165,5.33,NULL,NULL
"Corn",178,1988,2069,5.33,1974,1498
"Corn",179,1988,559,2.50,1016,965
"Corn",183,1988,6477,4.64,8044,7495
"Corn",184,1988,173,5.96,NULL,NULL
"Corn",186,1988,76,10.6,NULL,NULL
"Corn",192,1988,1502,3.88,1452,2338
"Corn",219,1988,493,3.45,NULL,NULL
"Corn",220,1988,3352,2.82,4737,4545
"Corn",234,1988,982,4.07,NULL,NULL
"Corn",235,1988,3291,6.58,3127,2766
"Corn",250,1988,69,7.84,NULL,NULL
"Corn",258,1988,591,4.51,NULL,NULL
"Corn",259,1988,345,10.6,NULL,NULL
"Corn",260,1988,58,3.13,NULL,NULL
"Corn",261,1988,3318,4.70,5965,8423
"Corn",262,1988,164,6.90,NULL,NULL
"Corn",170,1988,NULL,NULL,21,14
"Corn",1,1987,457,4.70,NULL,NULL
"Corn",9,1987,53,7.21,NULL,NULL
"Corn",10,1987,189,6.90,NULL,NULL
"Corn",36,1987,898,9.41,NULL,NULL
"Corn",45,1987,2716,9.09,3279,2722
"Corn",56,1987,281,4.64,NULL,NULL
"Corn",75,1987,184,4.07,NULL,NULL
"Corn",86,1987,1301,5.64,NULL,NULL
"Corn",108,1987,165,8.46,NULL,NULL
"Corn",109,1987,30845,8.28,44059,29775
"Corn",111,1987,16733,8.46,18533,13009
"Corn",113,1987,33515,8.34,54095,36665
"Corn",122,1987,3749,8.53,2847,2971
"Corn",124,1987,3011,6.39,3027,2212
"Corn",137,1987,546,7.27,NULL,NULL
"Corn",148,1987,911,5.20,NULL,NULL
"Corn",153,1987,4878,5.96,6269,4593
"Corn",154,1987,15483,7.65,26139,19921
"Corn",155,1987,304,5.01,NULL,NULL
"Corn",156,1987,6170,7.08,6409,4433
"Corn",159,1987,40,7.21,NULL,NULL
"Corn",164,1987,20629,8.03,32754,28184
"Corn",171,1987,224,6.90,NULL,NULL
"Corn",172,1987,192,9.72,NULL,NULL
"Corn",173,1987,1661,6.46,NULL,NULL
"Corn",178,1987,1899,4.39,2013,1974
"Corn",179,1987,1181,5.45,1498,1016
"Corn",183,1987,9448,7.96,10955,8044
"Corn",184,1987,179,7.52,NULL,NULL
"Corn",186,1987,100,10.0,NULL,NULL
"Corn",192,1987,2574,5.77,2377,1452
"Corn",219,1987,742,5.01,NULL,NULL
"Corn",220,1987,5586,5.27,7149,4737
"Corn",234,1987,1340,5.83,NULL,NULL
"Corn",235,1987,3397,7.02,3397,3127
"Corn",250,1987,71,7.84,NULL,NULL
"Corn",258,1987,520,3.88,NULL,NULL
"Corn",259,1987,345,10.6,NULL,NULL
"Corn",260,1987,91,5.77,NULL,NULL
"Corn",261,1987,8392,7.21,10026,5965
"Corn",262,1987,115,6.90,NULL,NULL
"Corn",170,1987,NULL,NULL,28,21
"Corn",1,1986,390,3.45,NULL,NULL
"Corn",9,1986,53,7.21,NULL,NULL
"Corn",10,1986,215,7.02,NULL,NULL
"Corn",36,1986,965,9.09,NULL,NULL
"Corn",45,1986,2614,8.34,2748,3279
"Corn",56,1986,356,4.70,NULL,NULL
"Corn",75,1986,251,3.76,NULL,NULL
"Corn",86,1986,1075,3.76,NULL,NULL
"Corn",108,1986,198,8.15,NULL,NULL
"Corn",109,1986,35661,8.65,46677,44059
"Corn",111,1986,17663,8.09,18841,18533
"Corn",113,1986,41319,8.46,59568,54095
"Corn",122,1986,4611,8.28,3283,2847
"Corn",124,1986,3551,5.52,3554,3027
"Corn",137,1986,1134,7.52,NULL,NULL
"Corn",148,1986,1075,4.39,NULL,NULL
"Corn",153,1986,6534,6.77,7685,6269
"Corn",154,1986,17353,7.65,26092,26139
"Corn",155,1986,323,4.89,NULL,NULL
"Corn",156,1986,7130,7.21,7197,6409
"Corn",159,1986,37,6.58,NULL,NULL
"Corn",164,1986,22758,8.15,33563,32754
"Corn",171,1986,255,5.96,NULL,NULL
"Corn",172,1986,236,9.72,NULL,NULL
"Corn",173,1986,1634,6.14,NULL,NULL
"Corn",178,1986,2383,3.88,2504,2013
"Corn",179,1986,1251,5.01,1630,1498
"Corn",183,1986,12094,8.03,12521,10955
"Corn",184,1986,134,6.90,NULL,NULL
"Corn",186,1986,121,10.9,NULL,NULL
"Corn",192,1986,3244,6.52,3290,2377
"Corn",219,1986,537,2.82,NULL,NULL
"Corn",220,1986,5831,5.39,6737,7149
"Corn",234,1986,1447,5.01,NULL,NULL
"Corn",235,1986,3783,6.71,3293,3397
"Corn",250,1986,57,7.21,NULL,NULL
"Corn",258,1986,548,3.13,NULL,NULL
"Corn",259,1986,518,9.41,NULL,NULL
"Corn",260,1986,137,5.96,NULL,NULL
"Corn",261,1986,9291,7.15,10481,10026
"Corn",262,1986,147,6.08,NULL,NULL
"Corn",170,1986,NULL,NULL,23,28
"Corn",1,1985,619,4.14,266,NULL
"Corn",9,1985,46,6.90,24,NULL
"Corn",10,1985,200,5.70,70,NULL
"Corn",36,1985,1178,8.46,394,NULL
"Corn",45,1985,2630,8.78,1953,2748
"Corn",56,1985,484,5.83,259,NULL
"Corn",75,1985,313,4.07,72,NULL
"Corn",86,1985,2080,5.01,987,NULL
"Corn",108,1985,254,7.52,122,NULL
"Corn",109,1985,38987,8.09,34987,46677
"Corn",111,1985,19213,7.71,15354,18841
"Corn",113,1985,43365,7.40,46061,59568
"Corn",122,1985,3863,8.09,2357,3283
"Corn",124,1985,4041,6.27,2913,3554
"Corn",137,1985,593,7.52,205,NULL
"Corn",148,1985,1788,6.27,1160,NULL
"Corn",153,1985,7280,6.27,6851,7685
"Corn",154,1985,18402,7.21,20184,26092
"Corn",155,1985,198,4.26,123,NULL
"Corn",156,1985,6929,6.52,4695,7197
"Corn",159,1985,26,6.58,26,NULL
"Corn",164,1985,24221,7.65,25085,33563
"Corn",171,1985,304,6.33,161,NULL
"Corn",172,1985,255,10.0,NULL,NULL
"Corn",173,1985,1737,5.77,620,NULL
"Corn",178,1985,3260,4.70,1910,2504
"Corn",179,1985,1024,4.07,1140,1630
"Corn",183,1985,13000,8.03,10194,12521
"Corn",184,1985,148,7.02,43,NULL
"Corn",186,1985,167,10.7,48,NULL
"Corn",192,1985,3855,6.58,2693,3290
"Corn",219,1985,1162,5.08,626,NULL
"Corn",220,1985,6400,4.64,4801,6737
"Corn",234,1985,2016,5.96,1079,NULL
"Corn",235,1985,3973,6.27,2807,3293
"Corn",250,1985,46,7.65,26,NULL
"Corn",258,1985,1383,5.77,898,NULL
"Corn",259,1985,548,10.0,326,NULL
"Corn",260,1985,194,6.39,NULL,NULL
"Corn",261,1985,9104,6.46,7917,10481
"Corn",262,1985,131,6.90,80,NULL
"Corn",170,1985,NULL,NULL,30,23
"Corn",1,1984,635,4.32,250,266
"Corn",9,1984,61,8.78,32,24
"Corn",10,1984,118,5.64,75,70
"Corn",36,1984,1295,8.78,574,394
"Corn",45,1984,2314,8.46,1647,1953
"Corn",56,1984,430,6.90,321,259
"Corn",75,1984,346,3.88,70,72
"Corn",86,1984,2051,5.33,781,987
"Corn",108,1984,224,7.65,86,122
"Corn",109,1984,31677,7.27,24326,34987
"Corn",111,1984,17919,7.15,12398,15354
"Corn",113,1984,36697,7.21,30624,46061
"Corn",122,1984,3032,6.83,1688,2357
"Corn",124,1984,3708,6.08,2444,2913
"Corn",137,1984,239,6.58,328,205
"Corn",148,1984,1768,7.02,1098,1160
"Corn",153,1984,5590,5.64,4352,6851
"Corn",154,1984,17502,6.71,15592,20184
"Corn",155,1984,124,3.76,96,123
"Corn",156,1984,3921,4.89,2772,4695
"Corn",159,1984,35,6.27,NULL,26
"Corn",164,1984,20477,6.77,18742,25085
"Corn",171,1984,269,6.58,139,161
"Corn",172,1984,240,9.09,26,NULL
"Corn",173,1984,1548,5.96,199,620
"Corn",178,1984,3703,5.83,1771,1910
"Corn",179,1984,1056,4.57,832,1140
"Corn",183,1984,11689,6.77,8701,10194
"Corn",184,1984,133,6.58,45,43
"Corn",186,1984,169,10.2,120,48
"Corn",192,1984,3771,6.65,2830,2693
"Corn",219,1984,885,4.76,338,626
"Corn",220,1984,4731,4.64,3295,4801
"Corn",234,1984,1664,5.64,1064,1079
"Corn",235,1984,3661,5.96,2105,2807
"Corn",250,1984,47,7.52,29,26
"Corn",258,1984,1426,6.33,874,898
"Corn",259,1984,590,10.0,478,326
"Corn",260,1984,205,6.14,148,NULL
"Corn",261,1984,8750,6.65,6533,7917
"Corn",262,1984,152,6.90,101,80
"Corn",170,1984,NULL,NULL,29,30
"Corn",1,1983,457,3.45,217,250
"Corn",9,1983,47,8.78,44,32
"Corn",10,1983,67,4.70,51,75
"Corn",36,1983,845,8.28,395,574
"Corn",45,1983,1890,8.78,1776,1647
"Corn",56,1983,276,4.70,185,321
"Corn",75,1983,207,4.14,60,70
"Corn",86,1983,1400,4.39,664,781
"Corn",108,1983,196,7.65,67,86
"Corn",109,1983,15852,4.89,17792,24326
"Corn",111,1983,8659,4.70,8412,12398
"Corn",113,1983,18893,5.64,27535,30624
"Corn",122,1983,2173,5.64,1856,1688
"Corn",124,1983,1170,3.13,1194,2444
"Corn",137,1983,128,5.01,283,328
"Corn",148,1983,941,4.07,693,1098
"Corn",153,1983,4206,5.96,4192,4352
"Corn",154,1983,9323,6.39,14466,15592
"Corn",155,1983,89,3.51,60,96
"Corn",156,1983,1852,3.45,2062,2772
"Corn",159,1983,34,6.90,NULL,NULL
"Corn",164,1983,11949,6.33,18485,18742
"Corn",171,1983,155,5.33,91,139
"Corn",172,1983,177,7.84,66,26
"Corn",173,1983,1371,5.45,1168,199
"Corn",178,1983,1950,3.13,1268,1771
"Corn",179,1983,740,5.01,744,832
"Corn",183,1983,5689,5.96,5485,8701
"Corn",184,1983,105,5.64,31,45
"Corn",186,1983,135,9.09,77,120
"Corn",192,1983,1840,4.39,1415,2830
"Corn",219,1983,433,3.76,240,338
"Corn",220,1983,2652,4.26,2719,3295
"Corn",234,1983,585,3.01,487,1064
"Corn",235,1983,2660,6.27,3334,2105
"Corn",250,1983,39,7.52,30,29
"Corn",258,1983,414,3.13,369,874
"Corn",259,1983,447,9.41,343,478
"Corn",260,1983,118,5.77,114,148
"Corn",261,1983,5666,6.27,6114,6533
"Corn",262,1983,179,6.90,134,101
"Corn",170,1983,NULL,NULL,28,29
"Corn",1,1982,637,3.76,276,217
"Corn",9,1982,60,7.84,93,44
"Corn",10,1982,68,3.95,70,51
"Corn",36,1982,1089,8.15,450,395
"Corn",45,1982,2588,8.15,2013,1776
"Corn",56,1982,458,6.14,337,185
"Corn",75,1982,352,3.88,84,60
"Corn",86,1982,1759,4.70,1059,664
"Corn",108,1982,216,7.21,54,67
"Corn",109,1982,38065,8.53,33664,17792
"Corn",111,1982,20066,7.84,16661,8412
"Corn",113,1982,40081,7.77,47054,27535
"Corn",122,1982,3532,7.40,3122,1856
"Corn",124,1982,3898,6.39,2943,1194
"Corn",137,1982,81,4.07,211,283
"Corn",148,1982,1674,6.27,1083,693
"Corn",153,1982,7446,6.58,6553,4192
"Corn",154,1982,18656,6.90,23729,14466
"Corn",155,1982,141,3.88,100,60
"Corn",156,1982,5053,6.58,3848,2062
"Corn",159,1982,35,5.33,1,NULL
"Corn",164,1982,18999,7.15,25851,18485
"Corn",171,1982,289,5.83,189,91
"Corn",172,1982,206,6.90,93,66
"Corn",173,1982,1787,5.52,336,1168
"Corn",178,1982,3947,6.21,2358,1268
"Corn",179,1982,898,4.64,1123,744
"Corn",183,1982,11582,7.27,9964,5485
"Corn",184,1982,114,6.27,32,31
"Corn",186,1982,158,10.0,89,77
"Corn",192,1982,3202,6.08,2732,1415
"Corn",219,1982,849,5.52,477,240
"Corn",220,1982,4919,4.51,4504,2719
"Corn",234,1982,1440,5.64,998,487
"Corn",235,1982,3040,6.58,3742,3334
"Corn",250,1982,50,7.40,34,30
"Corn",258,1982,1590,6.33,955,369
"Corn",259,1982,609,9.41,260,343
"Corn",260,1982,199,6.14,122,114
"Corn",261,1982,9189,6.58,9683,6114
"Corn",262,1982,130,6.58,94,134
"Corn",170,1982,NULL,NULL,36,28
"Corn",1,1981,740,3.45,352,276
"Corn",9,1981,99,8.15,78,93
"Corn",10,1981,80,4.07,90,70
"Corn",36,1981,908,8.15,479,450
"Corn",45,1981,2640,8.28,1904,2013
"Corn",56,1981,390,4.70,259,337
"Corn",75,1981,473,2.82,155,84
"Corn",86,1981,1752,3.13,901,1059
"Corn",108,1981,189,5.77,51,54
"Corn",109,1981,36228,7.96,31293,33664
"Corn",111,1981,16459,6.27,12675,16661
"Corn",113,1981,43973,7.96,39213,47054
"Corn",122,1981,3760,7.40,2897,3122
"Corn",124,1981,3708,6.08,2947,2943
"Corn",137,1981,62,3.76,345,211
"Corn",148,1981,1761,5.83,1074,1083
"Corn",153,1981,6827,5.96,5368,6553
"Corn",154,1981,18915,6.71,18923,23729
"Corn",155,1981,163,3.63,103,100
"Corn",156,1981,5272,6.77,4035,3848
"Corn",159,1981,21,4.70,16,1
"Corn",164,1981,20096,7.02,18900,25851
"Corn",171,1981,326,5.39,166,189
"Corn",172,1981,211,5.96,82,93
"Corn",173,1981,1960,5.83,1386,336
"Corn",178,1981,3579,4.83,1916,2358
"Corn",179,1981,1055,5.01,834,1123
"Corn",183,1981,9144,5.77,7816,9964
"Corn",184,1981,114,5.64,32,32
"Corn",186,1981,75,8.46,3,89
"Corn",192,1981,3413,6.02,2707,2732
"Corn",219,1981,839,3.63,450,477
"Corn",220,1981,4587,3.88,4161,4504
"Corn",234,1981,1365,5.27,909,998
"Corn",235,1981,3239,7.34,3639,3742
"Corn",250,1981,41,6.90,34,34
"Corn",258,1981,1428,5.64,906,955
"Corn",259,1981,376,8.15,314,260
"Corn",260,1981,196,5.77,131,122
"Corn",261,1981,9601,6.77,8029,9683
"Corn",262,1981,128,6.90,109,94
"Corn",170,1981,NULL,NULL,30,36
"Corn",1,1980,386,2.50,271,352
"Corn",9,1980,88,6.58,71,78
"Corn",10,1980,26,2.19,62,90
"Corn",36,1980,925,7.40,484,479
"Corn",45,1980,2277,7.21,1860,1904
"Corn",56,1980,323,4.26,249,259
"Corn",75,1980,408,2.82,173,155
"Corn",86,1980,1386,2.50,1006,901
"Corn",108,1980,133,5.45,62,51
"Corn",109,1980,27023,6.27,24503,31293
"Corn",111,1980,15313,6.02,11705,12675
"Corn",113,1980,37160,6.77,35163,39213
"Corn",122,1980,2817,5.52,2213,2897
"Corn",124,1980,2631,4.26,2146,2947
"Corn",137,1980,35,3.07,368,345
"Corn",148,1980,1170,4.39,1038,1074
"Corn",153,1980,6177,6.08,4473,5368
"Corn",154,1980,15497,6.02,15612,18923
"Corn",155,1980,62,2.25,73,103
"Corn",156,1980,2786,2.82,2825,4035
"Corn",159,1980,15,4.70,13,16
"Corn",164,1980,15328,5.89,15329,18900
"Corn",171,1980,224,4.70,126,166
"Corn",172,1980,171,5.96,65,82
"Corn",173,1980,1724,5.45,1235,1386
"Corn",178,1980,2636,3.76,1499,1916
"Corn",179,1980,427,3.13,418,834
"Corn",183,1980,11193,7.21,7980,7816
"Corn",184,1980,133,3.45,47,32
"Corn",186,1980,36,5.96,19,3
"Corn",192,1980,2438,4.51,1846,2707
"Corn",219,1980,627,2.94,379,450
"Corn",220,1980,3096,3.01,3079,4161
"Corn",234,1980,747,3.45,636,909
"Corn",235,1980,2971,5.01,2971,3639
"Corn",250,1980,38,5.83,32,34
"Corn",258,1980,831,3.76,736,906
"Corn",259,1980,279,6.90,202,314
"Corn",260,1980,144,4.89,139,131
"Corn",261,1980,8849,6.58,7508,8029
"Corn",262,1980,91,5.58,88,109
"Corn",170,1980,NULL,NULL,34,30
"Corn",1,1979,777,3.82,498,271
"Corn",9,1979,131,7.21,106,71
"Corn",10,1979,51,3.63,26,62
"Corn",36,1979,772,7.34,509,484
"Corn",45,1979,2451,7.96,1767,1860
"Corn",56,1979,411,6.39,293,249
"Corn",75,1979,456,3.32,142,173
"Corn",86,1979,2559,4.07,1606,1006
"Corn",108,1979,111,5.52,64,62
"Corn",109,1979,35645,7.96,29830,24503
"Corn",111,1979,17154,7.02,12869,11705
"Corn",113,1979,42258,7.34,40279,35163
"Corn",122,1979,4368,7.34,3448,2213
"Corn",124,1979,3368,6.39,2423,2146
"Corn",137,1979,56,3.38,484,368
"Corn",148,1979,1496,6.21,1061,1038
"Corn",153,1979,6032,5.96,4695,4473
"Corn",154,1979,15392,6.27,17239,15612
"Corn",155,1979,145,3.26,106,73
"Corn",156,1979,6095,6.46,4662,2825
"Corn",159,1979,19,4.83,14,13
"Corn",164,1979,20885,7.21,21056,15329
"Corn",171,1979,217,5.64,135,126
"Corn",172,1979,214,7.15,78,65
"Corn",173,1979,1518,5.77,1052,1235
"Corn",178,1979,3262,4.76,1746,1499
"Corn",179,1979,604,4.76,553,418
"Corn",183,1979,10603,7.21,7787,7980
"Corn",184,1979,209,6.90,70,47
"Corn",186,1979,32,6.58,18,19
"Corn",192,1979,3088,5.96,2273,1846
"Corn",219,1979,1034,5.01,451,379
"Corn",220,1979,5356,4.64,5041,3079
"Corn",234,1979,1338,5.33,927,636
"Corn",235,1979,3360,6.58,2656,2971
"Corn",250,1979,38,5.89,33,32
"Corn",258,1979,1296,5.20,907,736
"Corn",259,1979,303,7.71,255,202
"Corn",260,1979,133,5.58,NULL,139
"Corn",261,1979,8057,6.46,7365,7508
"Corn",262,1979,64,5.45,60,88
"Corn",170,1979,NULL,NULL,48,34
"Corn",1,1978,690,3.13,407,498
"Corn",9,1978,146,7.21,121,106
"Corn",10,1978,45,3.76,28,26
"Corn",36,1978,899,7.90,614,509
"Corn",45,1978,2039,6.90,1335,1767
"Corn",56,1978,382,6.02,251,293
"Corn",75,1978,451,3.26,189,142
"Corn",86,1978,1905,3.13,1693,1606
"Corn",108,1978,128,5.45,76,64
"Corn",109,1978,31492,6.96,27060,29830
"Corn",111,1978,17007,6.77,12120,12869
"Corn",113,1978,37534,7.21,35907,40279
"Corn",122,1978,3886,6.39,2960,3448
"Corn",124,1978,3044,5.33,2408,2423
"Corn",137,1978,70,3.70,346,484
"Corn",148,1978,1453,6.08,1111,1061
"Corn",153,1978,4937,5.08,4160,4695
"Corn",154,1978,16351,6.52,17378,17239
"Corn",155,1978,192,3.51,92,106
"Corn",156,1978,5082,5.45,4091,4662
"Corn",159,1978,18,4.51,14,14
"Corn",164,1978,19373,7.08,18879,21056
"Corn",171,1978,238,5.70,148,135
"Corn",172,1978,193,6.65,76,78
"Corn",173,1978,1310,5.39,1056,1052
"Corn",178,1978,3088,4.76,1702,1746
"Corn",179,1978,601,4.39,586,553
"Corn",183,1978,9627,6.58,7783,7787
"Corn",184,1978,107,4.07,54,70
"Corn",186,1978,33,6.39,20,18
"Corn",192,1978,2943,5.96,2221,2273
"Corn",219,1978,796,3.57,484,451
"Corn",220,1978,4509,4.20,4173,5041
"Corn",234,1978,1156,4.32,770,927
"Corn",235,1978,3657,6.27,2228,2656
"Corn",250,1978,36,5.64,25,33
"Corn",258,1978,1328,5.20,892,907
"Corn",259,1978,188,7.15,180,255
"Corn",260,1978,113,4.83,102,NULL
"Corn",261,1978,7467,6.14,6648,7365
"Corn",262,1978,69,5.08,56,60
"Corn",170,1978,NULL,NULL,32,48
"Corn",1,1977,276,1.81,262,407
"Corn",9,1977,127,6.27,108,121
"Corn",10,1977,57,3.32,51,28
"Corn",36,1977,727,7.27,424,614
"Corn",45,1977,2047,7.27,1397,1335
"Corn",56,1977,246,3.51,210,251
"Corn",75,1977,265,2.19,96,189
"Corn",86,1977,609,1.50,627,1693
"Corn",108,1977,87,5.39,49,76
"Corn",109,1977,30083,6.58,26745,27060
"Corn",111,1977,16088,6.39,11667,12120
"Corn",113,1977,27741,5.39,28662,35907
"Corn",122,1977,4096,6.02,3192,2960
"Corn",124,1977,3360,5.64,2450,2408
"Corn",137,1977,85,3.26,397,346
"Corn",148,1977,1097,4.51,795,1111
"Corn",153,1977,5375,5.33,3865,4160
"Corn",154,1977,15240,6.27,14141,17378
"Corn",155,1977,146,2.25,99,92
"Corn",156,1977,5115,4.76,3841,4091
"Corn",159,1977,18,4.26,NULL,14
"Corn",164,1977,16470,6.21,15084,18879
"Corn",171,1977,176,4.39,134,148
"Corn",172,1977,260,5.64,155,76
"Corn",173,1977,1414,5.45,1032,1056
"Corn",178,1977,2254,3.19,1305,1702
"Corn",179,1977,482,3.13,419,586
"Corn",183,1977,9654,6.58,7444,7783
"Corn",184,1977,197,5.14,125,54
"Corn",186,1977,28,5.96,21,20
"Corn",192,1977,2827,5.77,1963,2221
"Corn",219,1977,683,2.44,518,484
"Corn",220,1977,3221,3.70,2358,4173
"Corn",234,1977,1260,4.26,858,770
"Corn",235,1977,4107,6.14,3218,2228
"Corn",250,1977,29,5.58,18,25
"Corn",258,1977,845,3.45,629,892
"Corn",259,1977,193,7.46,170,180
"Corn",260,1977,101,4.64,NULL,102
"Corn",261,1977,8056,6.52,6278,6648
"Corn",262,1977,64,5.33,42,56
"Corn",1,1976,1219,3.76,611,262
"Corn",9,1976,42,3.76,47,108
"Corn",10,1976,64,3.51,43,51
"Corn",36,1976,810,6.90,427,424
"Corn",45,1976,1632,6.39,1104,1397
"Corn",56,1976,435,5.52,295,210
"Corn",75,1976,731,3.76,139,96
"Corn",86,1976,3401,3.88,1840,627
"Corn",108,1976,88,5.33,57,49
"Corn",109,1976,31499,6.71,25713,26745
"Corn",111,1976,17602,6.90,12150,11667
"Corn",113,1976,29817,5.33,26672,28662
"Corn",122,1976,4364,6.02,3097,3192
"Corn",124,1976,3523,6.39,2732,2450
"Corn",137,1976,119,4.14,375,397
"Corn",148,1976,1472,5.77,1141,795
"Corn",153,1976,4101,4.32,2628,3865
"Corn",154,1976,8392,3.70,7722,14141
"Corn",155,1976,205,2.94,128,99
"Corn",156,1976,4415,3.82,3295,3841
"Corn",159,1976,20,4.70,NULL,NULL
"Corn",164,1976,13169,5.33,10997,15084
"Corn",171,1976,251,5.39,140,134
"Corn",172,1976,256,6.58,156,155
"Corn",173,1976,1178,5.08,117,1032
"Corn",178,1976,3820,5.01,1956,1305
"Corn",179,1976,207,2.82,149,419
"Corn",183,1976,9993,6.46,7294,7444
"Corn",184,1976,255,5.96,108,125
"Corn",186,1976,24,5.96,19,21
"Corn",192,1976,2697,5.64,1997,1963
"Corn",219,1976,1321,4.89,645,518
"Corn",220,1976,944,1.94,981,2358
"Corn",234,1976,1489,5.14,864,858
"Corn",235,1976,4724,7.52,3223,3218
"Corn",250,1976,34,5.64,27,18
"Corn",258,1976,1277,4.89,986,629
"Corn",259,1976,119,6.71,70,170
"Corn",260,1976,136,5.52,NULL,NULL
"Corn",261,1976,3834,4.26,3397,6278
"Corn",262,1976,48,5.45,3,42
"Corn",1,1975,838,3.13,420,611
"Corn",9,1975,10,2.07,NULL,47
"Corn",10,1975,48,3.13,29,43
"Corn",36,1975,703,6.83,435,427
"Corn",45,1975,1308,5.77,833,1104
"Corn",56,1975,397,5.77,271,295
"Corn",75,1975,428,2.82,113,139
"Corn",86,1975,2626,3.45,1613,1840
"Corn",108,1975,69,5.20,38,57
"Corn",109,1975,31850,7.27,24185,25713
"Corn",111,1975,14014,6.14,9383,12150
"Corn",113,1975,28392,5.39,24364,26672
"Corn",122,1975,3582,5.39,3036,3097
"Corn",124,1975,2229,4.83,1705,2732
"Corn",137,1975,57,3.13,461,375
"Corn",148,1975,1285,5.77,967,1141
"Corn",153,1975,4470,5.01,3211,2628
"Corn",154,1975,10347,4.39,9055,7722
"Corn",155,1975,151,2.57,118,128
"Corn",156,1975,4320,3.95,3142,3295
"Corn",159,1975,18,4.57,NULL,NULL
"Corn",164,1975,12781,5.33,10338,10997
"Corn",171,1975,185,5.08,114,140
"Corn",172,1975,190,6.27,114,156
"Corn",173,1975,1204,5.45,73,117
"Corn",178,1975,2705,4.20,1639,1956
"Corn",179,1975,181,3.26,160,149
"Corn",183,1975,7889,5.83,5613,7294
"Corn",184,1975,184,5.01,71,108
"Corn",186,1975,17,5.33,13,19
"Corn",192,1975,2249,5.14,1770,1997
"Corn",219,1975,949,4.26,485,645
"Corn",220,1975,2114,2.32,1375,981
"Corn",234,1975,937,3.76,584,864
"Corn",235,1975,3008,6.46,1980,3223
"Corn",250,1975,32,5.39,20,27
"Corn",258,1975,1262,5.52,869,986
"Corn",259,1975,89,6.52,59,70
"Corn",260,1975,140,5.33,NULL,NULL
"Corn",261,1975,5038,5.20,3928,3397
"Corn",262,1975,40,5.01,34,3
"Corn",1,1974,688,2.69,426,420
"Corn",9,1974,8,2.13,7,NULL
"Corn",10,1974,25,2.76,23,29
"Corn",36,1974,611,6.71,277,435
"Corn",45,1974,1344,6.14,818,833
"Corn",56,1974,320,4.51,331,271
"Corn",75,1974,458,3.01,90,113
"Corn",86,1974,2674,3.51,1578,1613
"Corn",108,1974,76,5.39,48,38
"Corn",109,1974,20619,5.14,16993,24185
"Corn",111,1974,9845,4.57,6904,9383
"Corn",113,1974,24587,5.52,20264,24364
"Corn",122,1974,3351,4.95,2963,3036
"Corn",124,1974,2239,5.14,1687,1705
"Corn",137,1974,67,3.01,329,461
"Corn",148,1974,1168,5.39,820,967
"Corn",153,1974,3009,3.76,2389,3211
"Corn",154,1974,9291,3.88,7541,9055
"Corn",155,1974,149,2.57,95,118
"Corn",156,1974,3717,3.38,3025,3142
"Corn",159,1974,21,4.07,NULL,NULL
"Corn",164,1974,10134,4.39,7857,10338
"Corn",171,1974,183,5.20,112,114
"Corn",172,1974,95,4.83,2,114
"Corn",173,1974,1040,4.89,48,73
"Corn",178,1974,2990,4.70,1821,1639
"Corn",179,1974,207,3.45,165,160
"Corn",183,1974,6743,4.70,5061,5613
"Corn",184,1974,232,5.52,60,71
"Corn",186,1974,18,5.77,18,13
"Corn",192,1974,2263,5.08,1716,1770
"Corn",219,1974,848,3.88,506,485
"Corn",220,1974,1953,2.07,1437,1375
"Corn",234,1974,849,3.82,551,584
"Corn",235,1974,2056,5.77,1316,1980
"Corn",250,1974,28,5.01,20,20
"Corn",258,1974,1158,5.01,849,869
"Corn",259,1974,62,6.21,49,59
"Corn",260,1974,127,4.76,NULL,NULL
"Corn",261,1974,4093,4.45,3227,3928
"Corn",262,1974,52,4.45,35,34
"Corn",1,1973,712,2.88,395,426
"Corn",9,1973,7,2.00,22,7
"Corn",10,1973,18,2.19,14,23
"Corn",36,1973,626,6.58,300,277
"Corn",45,1973,1231,6.27,881,818
"Corn",56,1973,367,5.33,289,331
"Corn",75,1973,371,2.69,144,90
"Corn",86,1973,2036,3.01,1290,1578
"Corn",108,1973,72,5.58,45,48
"Corn",109,1973,24932,6.46,19810,16993
"Corn",111,1973,13575,6.39,9416,6904
"Corn",113,1973,30656,6.90,25749,20264
"Corn",122,1973,3911,6.27,3401,2963
"Corn",124,1973,2180,5.33,1656,1687
"Corn",137,1973,60,2.63,464,329
"Corn",148,1973,1079,5.33,803,820
"Corn",153,1973,3722,4.95,2758,2389
"Corn",154,1973,13039,5.83,11057,7541
"Corn",155,1973,146,2.44,103,95
"Corn",156,1973,5811,5.52,4722,3025
"Corn",159,1973,20,4.57,14,NULL
"Corn",164,1973,14086,5.89,11981,7857
"Corn",171,1973,150,4.95,80,112
"Corn",172,1973,51,4.39,NULL,2
"Corn",173,1973,800,4.70,29,48
"Corn",178,1973,2915,5.14,1562,1821
"Corn",179,1973,256,3.32,197,165
"Corn",183,1973,6177,5.01,4968,5061
"Corn",184,1973,212,5.64,65,60
"Corn",186,1973,16,5.64,13,18
"Corn",192,1973,2060,4.89,1593,1716
"Corn",219,1973,633,3.63,407,506
"Corn",220,1973,3717,3.38,2698,1437
"Corn",234,1973,893,4.14,637,551
"Corn",235,1973,1544,5.96,959,1316
"Corn",250,1973,29,5.52,14,20
"Corn",258,1973,1201,5.39,798,849
"Corn",259,1973,101,6.77,6,49
"Corn",260,1973,132,5.20,NULL,NULL
"Corn",261,1973,4406,5.20,3647,3227
"Corn",262,1973,67,5.58,57,35
"Corn",1,1972,664,3.01,392,395
"Corn",9,1972,13,2.19,7,22
"Corn",10,1972,28,2.50,29,14
"Corn",36,1972,546,6.27,255,300
"Corn",45,1972,1075,6.39,768,881
"Corn",56,1972,352,5.27,217,289
"Corn",75,1972,358,2.88,120,144
"Corn",86,1972,1967,3.26,1179,1290
"Corn",108,1972,64,5.45,35,45
"Corn",109,1972,25774,6.90,20328,19810
"Corn",111,1972,12901,6.52,8925,9416
"Corn",113,1972,31231,6.71,31229,25749
"Corn",122,1972,3302,6.52,3220,3401
"Corn",124,1972,2114,5.39,1592,1656
"Corn",137,1972,102,3.32,301,464
"Corn",148,1972,900,5.01,621,803
"Corn",153,1972,3630,5.20,2978,2758
"Corn",154,1972,11572,5.83,12894,11057
"Corn",155,1972,186,2.82,153,103
"Corn",156,1972,5778,5.70,4177,4722
"Corn",159,1972,11,4.89,11,14
"Corn",164,1972,13564,6.52,13645,11981
"Corn",171,1972,97,4.64,59,80
"Corn",172,1972,45,4.70,29,NULL
"Corn",173,1972,552,4.26,NULL,29
"Corn",178,1972,2600,5.01,1434,1562
"Corn",179,1972,289,3.38,244,197
"Corn",183,1972,7220,5.77,5504,4968
"Corn",184,1972,189,5.58,69,65
"Corn",186,1972,16,5.08,13,13
"Corn",192,1972,1645,4.51,1336,1593
"Corn",219,1972,619,4.07,367,407
"Corn",220,1972,3924,4.01,3399,2698
"Corn",234,1972,853,4.39,587,637
"Corn",235,1972,1004,5.39,655,959
"Corn",250,1972,18,5.77,12,14
"Corn",258,1972,1058,5.20,761,798
"Corn",259,1972,117,6.77,94,6
"Corn",260,1972,100,4.70,NULL,NULL
"Corn",261,1972,5171,5.96,4568,3647
"Corn",262,1972,58,5.33,42,57
"Corn",1,1971,715,2.82,408,392
"Corn",9,1971,13,2.00,1,7
"Corn",10,1971,39,2.44,28,29
"Corn",36,1971,596,5.89,399,255
"Corn",45,1971,982,5.39,761,768
"Corn",56,1971,267,3.38,257,217
"Corn",75,1971,390,3.07,251,120
"Corn",86,1971,2293,3.38,1662,1179
"Corn",108,1971,69,5.20,45,35
"Corn",109,1971,27112,6.65,21865,20328
"Corn",111,1971,14132,6.33,9998,8925
"Corn",113,1971,29923,5.96,26626,31229
"Corn",122,1971,3163,5.96,2584,3220
"Corn",124,1971,2313,4.83,1778,1592
"Corn",137,1971,114,2.82,49,301
"Corn",148,1971,943,4.51,589,621
"Corn",153,1971,3032,4.32,2564,2978
"Corn",154,1971,12069,5.20,12150,12894
"Corn",155,1971,217,2.44,174,153
"Corn",156,1971,6911,5.52,4424,4177
"Corn",159,1971,13,4.76,20,11
"Corn",164,1971,11442,5.33,11911,13645
"Corn",171,1971,137,4.07,100,59
"Corn",172,1971,23,3.45,16,29
"Corn",173,1971,874,5.33,NULL,NULL
"Corn",178,1971,2265,3.57,1547,1434
"Corn",179,1971,272,3.63,198,244
"Corn",183,1971,8193,5.70,6037,5504
"Corn",184,1971,121,4.83,54,69
"Corn",186,1971,17,5.33,13,13
"Corn",192,1971,1973,4.70,1627,1336
"Corn",219,1971,695,3.38,443,367
"Corn",220,1971,3068,2.88,2570,3399
"Corn",234,1971,977,3.57,654,587
"Corn",235,1971,1121,5.01,733,655
"Corn",250,1971,29,4.89,3,12
"Corn",258,1971,829,4.26,578,761
"Corn",259,1971,158,6.39,81,94
"Corn",260,1971,103,4.32,NULL,NULL
"Corn",261,1971,5735,6.14,4922,4568
"Corn",262,1971,57,4.89,56,42
"Corn",1,1970,373,1.66,221,408
"Corn",9,1970,9,1.50,7,1
"Corn",10,1970,40,2.25,32,28
"Corn",36,1970,505,6.14,277,399
"Corn",45,1970,985,6.08,712,761
"Corn",56,1970,357,4.76,312,257
"Corn",75,1970,184,1.56,47,251
"Corn",86,1970,1230,1.94,766,1662
"Corn",108,1970,72,5.08,36,45
"Corn",109,1970,18683,4.64,15980,21865
"Corn",111,1970,9503,4.76,6676,9998
"Corn",113,1970,22012,5.96,22070,26626
"Corn",122,1970,2088,4.01,2354,2584
"Corn",124,1970,1192,3.13,863,1778
"Corn",137,1970,141,2.69,422,49
"Corn",148,1970,1056,5.20,886,589
"Corn",153,1970,2940,5.08,2297,2564
"Corn",154,1970,9760,5.33,9931,12150
"Corn",155,1970,158,1.75,127,174
"Corn",156,1970,4395,3.82,3115,4424
"Corn",159,1970,7,4.51,5,20
"Corn",164,1970,9319,4.76,11817,11911
"Corn",171,1970,134,4.89,92,100
"Corn",172,1970,26,3.57,18,16
"Corn",173,1970,704,5.52,NULL,NULL
"Corn",178,1970,1778,3.13,1168,1547
"Corn",179,1970,161,3.19,137,198
"Corn",183,1970,6100,4.95,5008,6037
"Corn",184,1970,122,4.89,38,54
"Corn",186,1970,19,4.89,17,13
"Corn",192,1970,2066,5.58,1664,1627
"Corn",219,1970,306,1.69,204,443
"Corn",220,1970,2545,2.57,2463,2570
"Corn",234,1970,650,2.82,404,654
"Corn",235,1970,877,3.88,590,733
"Corn",250,1970,22,5.64,6,3
"Corn",258,1970,806,4.26,609,578
"Corn",259,1970,115,6.65,71,81
"Corn",260,1970,90,4.20,NULL,NULL
"Corn",261,1970,3869,5.14,3394,4922
"Corn",262,1970,49,4.07,47,56
"Corn",1,1969,548,2.07,333,221
"Corn",9,1969,13,1.69,11,7
"Corn",10,1969,39,2.25,26,32
"Corn",36,1969,413,5.77,241,277
"Corn",45,1969,805,5.96,586,712
"Corn",56,1969,356,4.89,359,312
"Corn",75,1969,323,2.44,148,47
"Corn",86,1969,1413,2.19,854,766
"Corn",108,1969,60,5.33,45,36
"Corn",109,1969,25125,6.39,20429,15980
"Corn",111,1969,11734,6.27,8640,6676
"Corn",113,1969,24011,5.39,27244,22070
"Corn",122,1969,2423,4.95,2348,2354
"Corn",124,1969,1848,4.83,1388,863
"Corn",137,1969,113,2.32,287,422
"Corn",148,1969,1001,5.08,714,886
"Corn",153,1969,2456,4.89,2094,2297
"Corn",154,1969,8887,5.45,10092,9931
"Corn",155,1969,222,2.00,169,127
"Corn",156,1969,4663,4.26,3468,3115
"Corn",159,1969,11,4.57,7,5
"Corn",164,1969,11030,5.89,13966,11817
"Corn",171,1969,136,5.11,101,92
"Corn",172,1969,29,3.51,24,18
"Corn",173,1969,561,5.33,NULL,NULL
"Corn",178,1969,2212,4.26,1352,1168
"Corn",179,1969,188,3.57,194,137
"Corn",183,1969,6127,5.45,5299,5008
"Corn",184,1969,81,3.26,26,38
"Corn",186,1969,19,5.27,19,17
"Corn",192,1969,1940,5.52,1563,1664
"Corn",219,1969,537,3.13,392,204
"Corn",220,1969,3277,3.45,3028,2463
"Corn",234,1969,783,3.19,477,404
"Corn",235,1969,667,2.76,511,590
"Corn",250,1969,12,5.33,8,6
"Corn",258,1969,868,4.83,620,609
"Corn",259,1969,89,6.71,51,71
"Corn",260,1969,88,4.45,10,NULL
"Corn",261,1969,3880,5.52,3481,3394
"Corn",262,1969,40,4.54,45,47
"Corn",170,1969,NULL,NULL,10,NULL
"Corn",1,1968,650,2.25,387,333
"Corn",9,1968,13,2.00,10,11
"Corn",10,1968,53,2.57,30,26
"Corn",36,1968,446,5.96,264,241
"Corn",45,1968,608,5.33,524,586
"Corn",56,1968,220,3.07,221,359
"Corn",75,1968,422,2.63,187,148
"Corn",86,1968,1590,2.50,920,854
"Corn",108,1968,49,5.14,32,45
"Corn",109,1968,23061,5.64,19567,20429
"Corn",111,1968,10585,5.52,8429,8640
"Corn",113,1968,23090,5.96,25944,27244
"Corn",122,1968,2246,4.89,2544,2348
"Corn",124,1968,1721,4.14,1267,1388
"Corn",137,1968,183,3.26,226,287
"Corn",148,1968,811,4.14,521,714
"Corn",153,1968,2476,4.89,2095,2094
"Corn",154,1968,9472,5.14,10665,10092
"Corn",155,1968,358,2.44,209,169
"Corn",156,1968,6236,5.20,5125,3468
"Corn",159,1968,7,4.70,6,7
"Corn",164,1968,7967,4.64,11346,13966
"Corn",171,1968,91,4.20,68,101
"Corn",172,1968,27,3.45,NULL,24
"Corn",173,1968,526,5.01,NULL,NULL
"Corn",178,1968,2054,3.76,1258,1352
"Corn",179,1968,164,3.07,169,194
"Corn",183,1968,6299,5.39,5400,5299
"Corn",184,1968,96,3.88,67,26
"Corn",186,1968,13,4.83,11,19
"Corn",192,1968,1440,4.39,1295,1563
"Corn",219,1968,524,3.01,400,392
"Corn",220,1968,2773,2.88,3053,3028
"Corn",234,1968,869,3.26,573,477
"Corn",235,1968,661,3.26,445,511
"Corn",250,1968,5,4.39,10,8
"Corn",258,1968,800,4.45,568,620
"Corn",259,1968,49,6.08,27,51
"Corn",260,1968,70,3.70,NULL,10
"Corn",261,1968,4232,5.96,3789,3481
"Corn",262,1968,41,4.70,42,45
"Corn",170,1968,NULL,NULL,9,10
"Corn",1,1967,1073,2.94,705,387
"Corn",9,1967,19,2.32,1,10
"Corn",10,1967,66,2.63,43,30
"Corn",36,1967,469,5.27,266,264
"Corn",45,1967,562,5.14,473,524
"Corn",56,1967,391,4.57,324,221
"Corn",75,1967,585,3.13,290,187
"Corn",86,1967,2376,3.63,1502,920
"Corn",108,1967,45,5.08,35,32
"Corn",109,1967,28497,6.52,22745,19567
"Corn",111,1967,11756,5.39,9204,8429
"Corn",113,1967,25052,5.33,25637,25944
"Corn",122,1967,1830,4.26,1774,2544
"Corn",124,1967,2373,5.01,1779,1267
"Corn",137,1967,187,3.13,455,226
"Corn",148,1967,1095,5.14,674,521
"Corn",153,1967,2400,4.26,1999,2095
"Corn",154,1967,9039,4.51,9086,10665
"Corn",155,1967,448,2.63,64,209
"Corn",156,1967,5133,4.32,4089,5125
"Corn",159,1967,12,4.26,9,6
"Corn",164,1967,8477,4.64,10385,11346
"Corn",171,1967,160,5.52,129,68
"Corn",172,1967,20,3.13,1,NULL
"Corn",173,1967,643,5.45,92,NULL
"Corn",178,1967,2665,4.76,1497,1258
"Corn",179,1967,141,2.63,135,169
"Corn",183,1967,6501,4.95,5475,5400
"Corn",184,1967,30,2.50,27,67
"Corn",186,1967,17,4.89,13,11
"Corn",192,1967,2058,5.52,1754,1295
"Corn",219,1967,669,3.88,480,400
"Corn",220,1967,2337,2.38,2595,3053
"Corn",234,1967,1173,3.70,798,573
"Corn",235,1967,473,2.38,288,445
"Corn",250,1967,5,4.76,NULL,10
"Corn",258,1967,899,4.57,679,568
"Corn",259,1967,42,5.77,22,27
"Corn",260,1967,91,4.01,NULL,NULL
"Corn",261,1967,3590,5.20,3267,3789
"Corn",262,1967,35,4.39,26,42
"Corn",170,1967,NULL,NULL,22,9
"Corn",1,1966,753,2.13,455,705
"Corn",9,1966,17,2.25,8,1
"Corn",10,1966,58,1.91,33,43
"Corn",36,1966,420,5.77,268,266
"Corn",45,1966,453,5.01,390,473
"Corn",49,1966,1,4.51,NULL,NULL
"Corn",56,1966,201,2.38,180,324
"Corn",75,1966,392,2.69,154,290
"Corn",86,1966,1558,2.69,912,1502
"Corn",108,1966,35,4.83,24,35
"Corn",109,1966,21540,5.14,17841,22745
"Corn",111,1966,10316,5.01,7518,9204
"Corn",113,1966,22904,5.39,22697,25637
"Corn",122,1966,1515,3.63,1558,1774
"Corn",124,1966,1651,3.70,1346,1779
"Corn",137,1966,172,2.82,448,455
"Corn",148,1966,498,2.76,387,674
"Corn",149,1966,3,4.51,NULL,NULL
"Corn",153,1966,2400,4.26,1902,1999
"Corn",154,1966,8675,4.76,8206,9086
"Corn",155,1966,408,2.25,263,64
"Corn",156,1966,4623,4.01,3975,4089
"Corn",159,1966,8,4.01,6,9
"Corn",164,1966,8331,5.01,9800,10385
"Corn",171,1966,61,2.88,59,129
"Corn",172,1966,13,2.63,12,1
"Corn",173,1966,413,4.70,50,92
"Corn",178,1966,1532,2.82,887,1497
"Corn",179,1966,208,2.82,204,135
"Corn",183,1966,6646,5.27,5329,5475
"Corn",184,1966,20,1.38,16,27
"Corn",186,1966,20,4.64,18,13
"Corn",192,1966,836,3.07,807,1754
"Corn",219,1966,416,2.63,267,480
"Corn",220,1966,2882,2.79,2915,2595
"Corn",234,1966,1014,3.26,717,798
"Corn",235,1966,482,2.25,268,288
"Corn",250,1966,4,5.01,3,NULL
"Corn",254,1966,1,4.76,NULL,NULL
"Corn",258,1966,496,2.88,345,679
"Corn",259,1966,49,5.77,43,22
"Corn",260,1966,57,3.01,6,NULL
"Corn",261,1966,3732,5.52,3249,3267
"Corn",262,1966,23,4.07,22,26
"Corn",170,1966,NULL,NULL,21,22
"Corn",168,1966,NULL,NULL,NULL,NULL
"Corn",1,1965,1032,2.69,637,455
"Corn",9,1965,14,1.75,12,8
"Corn",10,1965,92,2.32,52,33
"Corn",36,1965,325,5.58,169,268
"Corn",45,1965,346,4.45,322,390
"Corn",49,1965,1,4.07,NULL,NULL
"Corn",56,1965,379,4.70,206,180
"Corn",75,1965,393,2.76,173,154
"Corn",86,1965,1758,3.07,1016,912
"Corn",108,1965,38,4.70,31,24
"Corn",109,1965,23343,5.89,20613,17841
"Corn",111,1965,11224,5.89,8375,7518
"Corn",113,1965,20688,5.08,25612,22697
"Corn",122,1965,1573,3.70,1649,1558
"Corn",124,1965,1838,4.32,1399,1346
"Corn",137,1965,161,2.19,342,448
"Corn",148,1965,890,4.64,543,387
"Corn",149,1965,3,4.70,NULL,NULL
"Corn",153,1965,2294,3.82,1910,1902
"Corn",154,1965,6631,3.82,8167,8206
"Corn",155,1965,490,2.38,324,263
"Corn",156,1965,5602,4.70,4929,3975
"Corn",159,1965,4,3.51,3,6
"Corn",164,1965,6338,4.39,10573,9800
"Corn",171,1965,105,4.20,68,59
"Corn",172,1965,14,2.44,13,12
"Corn",173,1965,317,3.82,421,50
"Corn",178,1965,2339,4.39,1177,887
"Corn",179,1965,184,2.32,203,204
"Corn",183,1965,5740,4.64,4883,5329
"Corn",184,1965,44,2.13,24,16
"Corn",186,1965,22,4.32,17,18
"Corn",192,1965,1416,4.26,1251,807
"Corn",219,1965,505,3.19,349,267
"Corn",220,1965,2338,2.44,2971,2915
"Corn",234,1965,1126,3.51,836,717
"Corn",235,1965,492,2.07,217,268
"Corn",250,1965,5,4.70,7,3
"Corn",254,1965,1,4.57,NULL,NULL
"Corn",258,1965,853,4.26,582,345
"Corn",259,1965,43,4.70,25,43
"Corn",260,1965,73,3.13,NULL,6
"Corn",261,1965,3100,4.76,2732,3249
"Corn",262,1965,17,3.13,18,22
"Corn",170,1965,NULL,NULL,22,21
"Corn",1,1964,919,2.22,530,637
"Corn",9,1964,14,1.69,12,12
"Corn",10,1964,85,1.59,NULL,52
"Corn",36,1964,222,5.14,124,169
"Corn",45,1964,297,4.17,224,322
"Corn",49,1964,1,4.45,NULL,NULL
"Corn",56,1964,208,3.26,200,206
"Corn",75,1964,244,1.81,91,173
"Corn",86,1964,1473,2.44,881,1016
"Corn",108,1964,37,4.67,32,31
"Corn",109,1964,18802,5.01,19047,20613
"Corn",111,1964,8110,4.51,6672,8375
"Corn",113,1964,19169,4.83,27026,25612
"Corn",122,1964,1188,2.82,1301,1649
"Corn",124,1964,1477,3.51,1053,1399
"Corn",137,1964,157,1.94,247,342
"Corn",148,1964,690,4.17,503,543
"Corn",149,1964,3,4.26,NULL,NULL
"Corn",153,1964,2351,3.76,2034,1910
"Corn",154,1964,6567,3.63,8821,8167
"Corn",155,1964,605,2.38,423,324
"Corn",156,1964,3920,3.32,3473,4929
"Corn",159,1964,5,3.70,4,3
"Corn",164,1964,5202,3.38,10766,10573
"Corn",171,1964,90,3.60,68,68
"Corn",172,1964,13,2.44,11,13
"Corn",173,1964,307,4.01,493,421
"Corn",178,1964,2033,3.70,1261,1177
"Corn",179,1964,144,1.88,182,203
"Corn",183,1964,5093,4.07,4506,4883
"Corn",184,1964,49,1.75,29,24
"Corn",186,1964,20,4.26,20,17
"Corn",192,1964,1353,4.07,1084,1251
"Corn",219,1964,447,2.50,319,349
"Corn",220,1964,2042,1.94,2951,2971
"Corn",234,1964,1060,3.07,785,836
"Corn",235,1964,596,2.00,300,217
"Corn",250,1964,5,4.39,4,7
"Corn",254,1964,1,4.32,NULL,NULL
"Corn",258,1964,650,3.51,438,582
"Corn",259,1964,56,5.77,34,25
"Corn",260,1964,71,3.10,7,NULL
"Corn",261,1964,2681,4.45,2293,2732
"Corn",262,1964,20,3.57,21,18
"Corn",170,1964,NULL,NULL,16,22
"Corn",168,1964,NULL,NULL,NULL,NULL
"Corn",1,1963,1021,2.22,557,530
"Corn",9,1963,11,1.56,10,12
"Corn",10,1963,150,2.13,NULL,NULL
"Corn",36,1963,191,4.83,94,124
"Corn",45,1963,293,4.07,270,224
"Corn",49,1963,3,4.70,NULL,NULL
"Corn",56,1963,200,3.32,167,200
"Corn",75,1963,340,2.50,134,91
"Corn",86,1963,1691,2.69,1020,881
"Corn",108,1963,42,5.01,34,32
"Corn",109,1963,19554,5.45,20530,19047
"Corn",111,1963,9515,5.45,8289,6672
"Corn",113,1963,21630,4.83,28615,27026
"Corn",122,1963,1577,2.88,1685,1301
"Corn",124,1963,1833,4.14,1371,1053
"Corn",137,1963,183,1.94,71,247
"Corn",148,1963,519,3.26,413,503
"Corn",149,1963,3,4.39,NULL,NULL
"Corn",153,1963,2427,4.01,2184,2034
"Corn",154,1963,8980,4.32,10735,8821
"Corn",155,1963,644,2.25,406,423
"Corn",156,1963,4800,3.82,4050,3473
"Corn",159,1963,10,3.13,7,4
"Corn",164,1963,7283,3.57,12800,10766
"Corn",171,1963,94,3.76,85,68
"Corn",172,1963,12,2.32,10,11
"Corn",173,1963,314,3.88,504,493
"Corn",178,1963,1950,3.45,1135,1261
"Corn",179,1963,286,2.57,242,182
"Corn",183,1963,5876,4.89,5075,4506
"Corn",184,1963,79,1.75,33,29
"Corn",186,1963,32,4.45,29,20
"Corn",192,1963,1196,3.63,986,1084
"Corn",219,1963,471,2.38,372,319
"Corn",220,1963,3857,3.01,4003,2951
"Corn",234,1963,1152,3.32,835,785
"Corn",235,1963,613,1.75,333,300
"Corn",250,1963,3,4.39,18,4
"Corn",254,1963,1,4.32,NULL,NULL
"Corn",258,1963,393,2.44,294,438
"Corn",259,1963,67,5.52,43,34
"Corn",260,1963,78,3.01,7,7
"Corn",261,1963,2670,4.39,2380,2293
"Corn",262,1963,23,3.45,23,21
"Corn",168,1963,NULL,NULL,NULL,NULL
"Corn",170,1963,NULL,NULL,50,16
"Corn",1,1962,799,1.72,451,557
"Corn",9,1962,10,1.50,7,10
"Corn",10,1962,170,2.03,NULL,NULL
"Corn",36,1962,150,4.83,94,94
"Corn",45,1962,268,3.38,223,270
"Corn",49,1962,3,4.57,NULL,NULL
"Corn",56,1962,206,4.14,190,167
"Corn",75,1962,299,2.32,119,134
"Corn",86,1962,1180,1.88,646,1020
"Corn",108,1962,43,4.70,39,34
"Corn",109,1962,17854,5.33,20463,20530
"Corn",111,1962,8622,5.14,8568,8289
"Corn",113,1962,18926,4.83,27367,28615
"Corn",122,1962,1681,3.19,1704,1685
"Corn",124,1962,1644,3.63,1370,1371
"Corn",137,1962,157,1.75,20,71
"Corn",148,1962,539,3.76,419,413
"Corn",149,1962,3,4.45,NULL,NULL
"Corn",153,1962,2211,3.95,2166,2184
"Corn",154,1962,6914,3.73,9432,10735
"Corn",155,1962,503,1.69,309,406
"Corn",156,1962,3968,3.63,3913,4050
"Corn",159,1962,4,3.07,3,7
"Corn",164,1962,7731,3.79,12830,12800
"Corn",171,1962,144,4.57,115,85
"Corn",172,1962,10,2.25,6,10
"Corn",173,1962,286,3.95,483,504
"Corn",178,1962,1806,3.51,1137,1135
"Corn",179,1962,133,1.94,161,242
"Corn",183,1962,5262,4.76,4657,5075
"Corn",184,1962,101,2.03,55,33
"Corn",186,1962,37,4.57,27,29
"Corn",192,1962,1200,3.76,1075,986
"Corn",219,1962,417,2.19,300,372
"Corn",220,1962,2870,2.66,3726,4003
"Corn",234,1962,918,2.57,727,835
"Corn",235,1962,828,1.94,393,333
"Corn",250,1962,4,3.95,8,18
"Corn",254,1962,1,4.39,NULL,NULL
"Corn",258,1962,781,3.88,561,294
"Corn",259,1962,66,5.48,73,43
"Corn",260,1962,95,3.32,28,7
"Corn",261,1962,2725,4.39,2581,2380
"Corn",262,1962,8,2.50,8,23
"Corn",168,1962,NULL,NULL,NULL,NULL
"Corn",170,1962,NULL,NULL,21,50
"Corn",1,1961,1114,2.07,744,451
"Corn",9,1961,9,1.12,6,7
"Corn",10,1961,214,2.22,36,NULL
"Corn",36,1961,166,4.51,98,94
"Corn",45,1961,366,3.92,303,223
"Corn",49,1961,3,4.26,NULL,NULL
"Corn",56,1961,185,3.88,146,190
"Corn",75,1961,295,2.19,140,119
"Corn",86,1961,1539,2.25,984,646
"Corn",108,1961,45,4.89,29,39
"Corn",109,1961,16430,4.95,21743,20463
"Corn",111,1961,7554,4.64,8480,8568
"Corn",113,1961,19131,4.73,28985,27367
"Corn",122,1961,1493,3.01,1653,1704
"Corn",124,1961,1559,3.45,1390,1370
"Corn",137,1961,250,2.32,58,20
"Corn",148,1961,562,3.76,409,419
"Corn",149,1961,3,4.01,NULL,NULL
"Corn",153,1961,2439,4.14,2522,2166
"Corn",154,1961,8235,4.04,11044,9432
"Corn",155,1961,817,2.44,579,309
"Corn",156,1961,4200,3.88,3997,3913
"Corn",159,1961,4,3.63,4,3
"Corn",164,1961,6994,3.26,12595,12830
"Corn",171,1961,146,4.64,132,115
"Corn",172,1961,13,2.19,7,6
"Corn",173,1961,308,4.20,647,483
"Corn",178,1961,1709,3.01,1177,1137
"Corn",179,1961,147,2.00,193,161
"Corn",183,1961,4768,4.64,4740,4657
"Corn",184,1961,136,2.19,83,55
"Corn",186,1961,41,4.26,34,27
"Corn",192,1961,1636,4.51,1403,1075
"Corn",219,1961,468,2.07,351,300
"Corn",220,1961,2541,2.28,4105,3726
"Corn",234,1961,1094,2.69,802,727
"Corn",235,1961,810,1.88,404,393
"Corn",250,1961,5,4.26,13,8
"Corn",254,1961,1,4.01,NULL,NULL
"Corn",258,1961,733,3.32,542,561
"Corn",259,1961,72,5.39,41,73
"Corn",260,1961,107,3.32,78,28
"Corn",261,1961,2992,4.57,2956,2581
"Corn",262,1961,30,3.76,26,8
"Corn",168,1961,NULL,NULL,NULL,NULL
"Corn",170,1961,NULL,NULL,20,21
"Corn",1,1960,1125,1.63,714,744
"Corn",9,1960,8,1.03,1,6
"Corn",10,1960,244,1.97,15,36
"Corn",36,1960,237,4.51,121,98
"Corn",45,1960,328,3.23,271,303
"Corn",49,1960,5,4.20,NULL,NULL
"Corn",56,1960,237,3.88,200,146
"Corn",75,1960,226,1.81,112,140
"Corn",86,1960,1433,1.91,917,984
"Corn",108,1960,40,4.76,30,29
"Corn",109,1960,17246,4.26,22457,21743
"Corn",111,1960,8898,4.26,8765,8480
"Corn",113,1960,19622,3.98,29647,28985
"Corn",122,1960,1993,2.85,2066,1653
"Corn",124,1960,1864,3.01,1455,1390
"Corn",137,1960,231,1.69,61,58
"Corn",148,1960,647,3.76,554,409
"Corn",149,1960,3,4.01,NULL,NULL
"Corn",153,1960,2293,3.38,2303,2522
"Corn",154,1960,8017,3.38,10573,11044
"Corn",155,1960,707,1.69,490,579
"Corn",156,1960,5337,3.26,5082,3997
"Corn",159,1960,3,3.01,2,4
"Corn",164,1960,8469,3.19,13571,12595
"Corn",171,1960,194,4.45,166,132
"Corn",172,1960,16,2.44,10,7
"Corn",173,1960,316,3.70,946,647
"Corn",178,1960,2133,3.01,1409,1177
"Corn",179,1960,226,1.75,255,193
"Corn",183,1960,5843,4.26,5381,4740
"Corn",184,1960,175,2.10,96,83
"Corn",186,1960,57,4.32,43,34
"Corn",192,1960,1570,4.20,1444,1403
"Corn",219,1960,584,2.03,458,351
"Corn",220,1960,3045,2.19,4289,4105
"Corn",234,1960,1341,2.44,973,802
"Corn",235,1960,699,1.38,350,404
"Corn",250,1960,4,4.01,13,13
"Corn",254,1960,1,3.88,NULL,NULL
"Corn",258,1960,780,3.07,555,542
"Corn",259,1960,109,5.20,94,41
"Corn",260,1960,129,3.26,94,78
"Corn",261,1960,2755,3.92,2823,2956
"Corn",262,1960,25,3.19,25,26
"Corn",168,1960,NULL,NULL,NULL,NULL
"Corn",170,1960,NULL,NULL,48,20
