Date,Florida,New York,Pennsylvania,Virginia,West Virginia,Illinois,Indiana,Kansas,Kentucky,Michigan,Missouri,Nebraska,North Dakota,Ohio,Oklahoma,South Dakota,Tennessee,Alabama,Arkansas,Louisana,Mississippi,New Mexico,Texas,Colorado,Idaho,Montana,Utah,Wyoming,Alaska,Arizona,California,Nevada
Jan-81,3606,71,317,1,248,2000,438,5151,486,2827,19,554,3787,1148,12139,78,71,1940,1552,17316,2708,6286,80609,2506,,2416,2150,11089,49789,28,30297,69
Feb-81,3162,68,286,1,234,1775,374,4727,465,2493,17,504,3493,1036,12268,60,73,1661,1400,15648,2437,5593,72591,2255,,2342,2170,10016,45346,24,27455,56
Mar-81,3167,71,317,1,316,1960,435,5546,531,2807,19,566,3790,1148,13290,74,79,1715,1576,17431,2871,6105,80734,2527,,2592,2150,11089,50150,23,30515,58
Apr-81,3064,69,306,1,241,2040,402,5524,555,2720,19,560,3805,1111,11905,79,69,1647,1486,16792,2763,5902,77344,2478,,2501,2160,10731,48235,28,29540,57
May-81,3052,71,317,1,294,2095,400,5400,530,2763,19,554,3974,1148,13000,79,71,1620,1576,17344,2894,6053,79890,2498,,2626,2150,11089,48977,30,31203,56
Jun-81,2856,69,306,1,278,1930,410,5493,635,2682,19,548,3839,1111,12891,79,73,1767,1486,16385,2732,5767,77030,2445,,2570,2160,10731,48967,29,30366,57
Jul-81,2833,71,317,1,293,2030,419,5438,590,2779,19,548,3841,1148,11698,85,79,1804,1576,16650,2837,5937,78640,2523,,2601,2150,11089,49761,29,31383,56
Aug-81,2650,71,317,1,267,2090,428,5643,546,2775,19,578,3836,1148,13719,86,78,1764,1576,16671,3006,6012,78356,2495,,2630,2150,11089,49675,33,31158,58
Sep-81,2612,69,306,1,288,1980,406,5584,558,2739,19,560,3789,1111,13565,84,77,1732,1486,16174,2915,5834,76017,2464,,2513,2160,10731,48212,31,30184,60
Oct-81,2709,71,317,1,424,2050,323,5787,547,2741,19,580,3879,1148,13165,85,82,1624,1576,16503,3053,6058,78364,2774,,2727,2150,11089,49491,33,31316,58
Nov-81,2563,69,306,1,266,2025,404,5566,558,2617,19,547,3626,1147,13125,84,80,1659,1486,16090,2976,5853,75135,2630,,2572,2160,10731,48427,35,30525,60
Dec-81,2499,71,317,2,324,2115,282,5951,547,2722,19,572,3765,1147,13291,100,86,1747,1576,16575,3012,6168,77640,2708,,2723,2150,11089,50307,34,31428,55
Jan-82,2378,71,364,4,249,1857,472,5521,489,2427,17,561,3543,1237,13092,97,70,1635,1601,15735,2784,6002,77306,2609,,2538,1948,10047,52846,30,31352,55
Feb-82,2154,65,330,4,254,1684,427,5119,496,2624,15,533,3409,1118,14030,86,61,1603,1446,14703,2506,5486,70503,2352,,2436,1760,9075,47783,27,28702,46
Mar-82,2381,71,364,4,276,2362,472,6200,617,2696,17,606,3807,1237,13425,105,79,1687,1601,16476,2842,6183,78298,2725,,2640,1948,10047,52591,29,31271,54
Apr-82,2154,68,351,4,272,2258,458,5965,607,2508,17,593,3740,1198,10795,101,88,1567,1549,15878,2510,6048,75983,2639,,2584,1885,9724,50743,29,30572,48
May-82,2204,71,364,4,241,2221,472,5935,601,2517,17,595,3932,1237,14153,99,108,1769,1601,16233,2850,6059,77507,2654,,2602,1948,10047,52921,29,31639,47
Jun-82,2141,68,351,5,230,2370,458,6055,636,2828,17,569,3905,1198,13316,101,110,1710,1549,15611,2779,5828,74349,2621,,2562,1885,9724,49951,27,30756,47
Jul-82,2170,71,364,4,279,2477,472,6192,609,2697,17,588,4048,1237,13055,100,101,1856,1601,16131,2885,5963,76378,2600,,2655,1949,10047,53015,30,31758,47
Aug-82,2063,71,364,4,295,2528,472,5951,659,2772,17,581,4141,1237,13083,102,104,1684,1601,15912,2889,6015,76110,2554,,2685,1949,10047,52615,29,31835,50
Sep-82,2008,68,351,4,290,2512,458,5985,643,2631,17,557,4068,1198,13692,95,110,1548,1549,15328,2734,5849,74624,2469,,2546,1385,9724,51147,28,31048,45
Oct-82,2049,71,364,4,291,2554,472,5943,640,2717,17,574,4180,1238,13533,92,103,1499,1601,16066,2834,6219,76561,2534,,2590,1949,10047,52879,26,32065,51
Nov-82,1878,68,351,4,281,2471,458,5844,704,2633,17,554,4119,1198,13205,89,96,1713,1549,15326,2726,6076,74496,2401,,2523,1885,9724,50272,26,30762,58
Dec-82,2046,71,364,4,269,2416,472,5815,648,2412,17,561,4379,1238,13242,91,102,1743,1601,15350,2708,5296,76102,2387,,2560,1949,10047,52147,25,31416,65
Jan-83,1897,71,364,6,289,2582,397,6303,711,2919,23,562,4330,1272,13528,93,94,1728,1601,15166,2611,6290,75776,2501,,2614,2281,9966,53692,25,31302,58
Feb-83,1767,62,326,6,259,2319,450,5462,649,2536,19,509,3983,1148,12578,89,76,1507,1446,13871,2434,5798,69034,2218,,2261,2257,9522,48074,21,28479,50
Mar-83,1908,71,364,5,386,2560,339,6084,725,2434,22,542,4419,1272,13747,97,102,1599,1601,15382,2683,6458,76046,2384,,2451,2419,10098,53701,24,31133,53
Apr-83,1757,68,352,5,314,2352,620,5982,663,2814,22,530,4269,1230,13678,96,96,1557,1549,14924,2551,6211,73833,2313,,2609,2401,9611,51622,12,30764,46
May-83,1683,71,364,5,311,2436,427,5948,669,2719,22,547,4244,1272,13379,101,99,1644,1601,15398,2597,6307,75263,2400,,2435,2408,10106,51531,17,32131,50
Jun-83,1577,68,352,5,288,2460,486,5837,657,2687,23,522,4154,1230,13345,98,106,1521,1549,14643,2486,6086,73020,2321,,2366,2357,9882,50617,20,31069,47
Jul-83,1538,71,364,6,304,2467,434,6063,620,2579,23,543,4247,1272,12823,98,92,1592,1601,15178,2641,6303,74932,2634,,2443,2465,10179,53176,20,31880,49
Aug-83,1581,71,364,5,338,2541,495,6344,678,2487,23,545,4204,1272,13985,103,94,1588,1601,15381,2689,6440,74393,2447,,2468,2483,9984,52615,20,31826,57
Sep-83,1561,68,352,5,333,2459,408,5967,647,2662,23,532,4164,1230,13049,100,80,1432,1549,14863,2625,6266,72726,2473,,2324,2460,9941,52126,20,31075,71
Oct-83,1526,71,364,5,282,2449,482,6042,638,2712,23,548,4339,1272,13301,104,76,1519,1601,15417,2731,6554,74850,2557,,2521,2733,10112,53718,21,32009,114
Nov-83,1406,68,352,6,263,2462,435,5932,641,2608,23,520,4184,1230,13933,97,74,1565,1549,14751,2674,6332,72827,2459,,2382,2824,9295,51602,18,30781,104
Dec-83,1275,71,364,6,261,2113,348,5630,588,2579,23,480,4153,1271,11258,96,67,1494,1601,14643,2733,6124,70211,2343,,2351,2446,9607,53053,19,31712,111
Jan-84,1352,71,363,3,248,2311,276,6029,597,2685,18,529,4321,1270,13978,104,74,1624,1559,15254,2764,6529,76531,2367,,2406,3074,10118,54305,20,31894,105
Feb-84,1257,67,339,3,287,2032,414,6144,598,2518,17,504,4159,1187,14343,95,78,1578,1459,14591,2615,6332,70374,2288,,2346,1869,9643,50709,20,29846,97
Mar-84,1284,71,363,4,298,2382,581,5918,672,2618,18,545,4461,1270,13633,101,81,1590,1559,15790,2841,6746,75510,2522,,2495,1941,10402,48671,18,31944,104
Apr-84,1247,69,351,3,285,2326,518,6365,623,2600,17,500,4261,1229,14205,102,79,1533,1509,15457,2653,6396,72756,2435,,2460,1754,10101,53097,19,31075,103
May-84,1216,71,363,2,301,2399,459,6694,640,2748,23,545,4431,1308,14089,114,85,1673,1600,16005,2796,6681,74806,2500,,2588,3000,10628,54687,18,32305,109
Jun-84,1159,69,351,2,266,2352,447,6375,664,2560,22,533,4337,1265,14001,114,75,1583,1548,15462,2694,6478,72228,2433,,2436,3877,10324,49771,18,31506,122
Jul-84,1173,71,363,2,273,2470,454,6294,669,2521,29,538,4533,1304,14519,114,80,1753,1600,15566,2855,6674,74382,2395,,2472,3220,11542,52536,18,32193,150
Aug-84,1128,71,363,3,284,2534,515,6551,706,2524,29,547,4579,1304,12207,117,76,1681,1600,15831,2809,6707,74123,2368,,2460,3238,10202,53393,18,32478,185
Sep-84,1162,69,351,3,363,2408,282,6039,616,2568,27,549,4332,1262,15259,112,71,1669,1548,15782,2696,6484,71958,2346,,2408,3158,10498,52819,18,31288,216
Oct-84,1178,71,363,2,329,2623,638,6628,714,2568,29,565,4515,1305,13941,121,80,1662,1600,16100,2730,6806,74016,2424,,2636,3187,10486,53677,17,32928,237
Nov-84,1149,69,351,2,296,2476,481,6342,600,2344,27,548,4299,1262,14265,122,71,1695,1548,15311,2641,6645,72024,2343,,2515,3219,10093,53420,15,31822,236
Dec-84,1157,71,363,3,294,2555,461,6350,678,2300,29,549,4424,1305,13945,124,70,1763,1600,15862,2682,6858,74466,2424,,2539,3152,10232,53316,16,32342,243
Jan-85,1062,92,412,3,268,2279,282,6087,552,2324,16,557,4367,1273,13829,126,74,1761,1501,15394,2593,6790,73331,2664,,2545,3213,10928,51059,14,32492,232
Feb-85,939,83,372,2,252,2062,356,5604,506,2103,12,514,3919,1149,12250,121,59,1634,1377,14082,2370,6064,66371,2301,,2341,2982,9945,52563,12,30091,212
Mar-85,1029,92,412,3,346,2537,572,6311,675,2283,14,588,4425,1273,13910,141,75,1862,1528,15871,2619,6825,74105,2626,,2564,3355,11184,57859,15,32925,245
Apr-85,1004,89,399,2,325,2600,455,6580,697,2173,13,580,4259,1232,13782,139,74,1761,1597,15372,2488,6593,73839,2569,,2409,3185,10702,53510,14,32173,240
May-85,1007,92,412,2,300,2591,448,6642,677,2350,15,605,4347,1273,14210,136,70,1886,1650,15800,2554,6697,74004,2608,,2576,3379,11097,58532,14,33536,239
Jun-85,969,89,399,2,293,2450,419,6044,642,2315,18,569,4257,1232,12834,131,64,1751,1597,15298,2547,6414,70958,2462,,2438,3366,10502,56118,14,32302,251
Jul-85,890,84,412,2,302,2706,516,6218,714,2343,29,586,4332,1273,13647,139,64,1863,1650,15897,2637,6574,73337,2486,,2508,3526,10885,56079,14,33154,272
Aug-85,885,84,412,2,312,2652,441,6517,684,2377,32,601,4346,1273,13917,135,66,1808,1650,15141,2616,6613,73533,2539,,2558,3558,10979,55642,18,33350,281
Sep-85,912,82,399,2,293,2551,435,6247,667,2277,29,583,4184,1232,12879,131,64,1767,1597,15078,2516,6361,70643,2455,,2478,3565,10730,56008,13,32739,251
Oct-85,955,96,412,2,330,2726,436,6746,700,2323,23,609,4318,1273,14263,134,64,1820,1650,15110,2619,6553,73585,2552,,2537,3582,11011,57338,16,34104,253
Nov-85,875,92,399,2,255,2571,427,5931,587,2252,22,572,4097,1232,13161,129,60,1680,1597,16226,2506,6345,71690,2457,,2397,3487,10297,54121,15,32908,263
Dec-85,931,96,411,2,279,2540,381,6480,689,2180,20,579,4006,1273,14057,134,52,1988,1650,15140,2576,6701,73822,2527,,2417,3594,10254,57404,16,34228,300
Jan-86,942,72,321,2,283,2664,262,6701,636,2235,18,640,4139,1142,14501,137,61,1917,1451,16012,2614,6798,74135,2640,,2448,3651,11049,57973,16,34258,305
Feb-86,808,69,292,1,263,2650,547,5710,552,2045,17,573,3758,1028,12593,125,52,1768,1322,14544,2384,6154,66752,2358,,2210,3333,9666,53402,13,31042,266
Mar-86,854,72,321,2,283,2502,232,6171,583,2251,9,642,4065,1142,13754,142,54,1953,1424,15939,2569,6743,73344,2640,,2420,3554,10988,57673,15,33669,262
Apr-86,842,70,311,1,294,2376,559,5879,582,2152,8,567,3908,1105,12799,124,57,1812,1352,15157,2529,6305,69397,2473,,2318,3395,10441,55092,14,31879,231
May-86,889,72,321,2,266,2267,381,5727,552,2267,8,627,3979,1142,12577,124,54,1834,1376,15283,2585,6503,70407,2529,,2338,3449,10535,59748,15,32521,236
Jun-86,824,70,311,1,246,2201,361,5542,552,2179,8,586,3786,1105,12058,128,55,1717,1292,14243,2435,6316,66802,2393,,2233,2931,10044,56597,14,31129,220
Jul-86,804,72,321,2,269,2241,527,5643,553,2182,8,596,3777,1142,12380,132,59,1780,1287,15834,2505,6344,68621,2406,,2264,3243,10228,58980,14,31790,224
Aug-86,752,72,321,2,235,2017,371,5188,497,2149,7,593,3727,1142,11618,135,47,1786,1285,14925,2533,6132,67529,2410,,2237,3163,10039,56146,13,30754,217
Sep-86,569,70,311,1,269,2158,227,5260,503,2011,7,567,3527,1105,11599,132,52,1651,1251,14255,2456,5941,64891,2316,,2159,2968,9559,53449,12,29780,204
Oct-86,697,72,321,2,278,2158,368,5097,528,2129,7,582,3666,1142,11965,137,56,1564,1292,14597,2515,6284,66638,2431,,2195,3143,9947,59748,11,30758,236
Nov-86,709,70,311,1,209,1901,477,4842,438,2027,6,556,3599,1105,11103,135,44,1631,1185,15172,2473,6027,64604,2322,,2093,3174,9579,56483,12,29661,252
Dec-86,693,72,321,1,250,2110,447,5274,499,2061,7,569,3697,1142,12158,135,53,1709,1261,15830,2399,6165,66475,2391,,2157,3168,9262,56019,12,30818,254
Jan-87,689,56,265,1,234,2000,333,5176,462,2275,7,540,3659,1009,10947,137,49,1733,1193,14816,2426,6127,66135,2382,,2148,3231,10048,62598,11,30621,267
Feb-87,590,56,258,1,229,1898,330,4710,459,2016,8,484,3291,977,10640,123,56,1579,1077,13477,2178,5566,60010,2169,,1966,2851,8951,51879,10,28128,239
Mar-87,701,64,288,1,259,2080,343,4604,493,2218,8,510,3617,1123,12093,134,55,1783,1267,15650,2423,6182,66167,2422,,2173,2875,9822,61007,11,31106,266
Apr-87,685,63,300,2,236,1985,345,5324,477,2168,7,510,3514,1023,11675,132,45,1669,1225,14868,2326,5903,63738,2349,,2104,2943,9516,59707,10,30062,255
May-87,728,64,280,1,237,1982,205,5004,489,2219,6,521,3546,1040,11055,141,45,1766,1244,14701,2429,6057,64459,2409,,2142,3100,9727,61357,11,30965,264
Jun-87,657,65,285,1,228,1995,313,5005,477,2175,9,509,3382,1007,11178,139,51,1741,1167,14004,2331,5805,61837,2396,,2041,2927,9380,57899,11,29950,244
Jul-87,703,59,279,1,247,2050,342,5199,493,2198,11,514,3509,1010,11416,141,54,1803,1184,14758,2447,6064,63677,2468,,2091,3056,9632,59202,11,30897,260
Aug-87,701,61,274,1,234,2007,213,4972,473,2199,14,506,3382,1006,11193,141,47,1778,1142,14846,2334,6134,63399,2465,,2098,2934,9705,59143,11,30919,263
Sep-87,686,57,269,2,239,1983,330,5008,471,2118,11,494,3338,989,10973,133,55,1692,1167,14132,2254,6036,61622,2423,,2022,2986,9260,56232,11,29985,259
Oct-87,713,56,274,1,240,2000,334,5099,490,2172,10,509,3399,1017,11624,142,54,1594,1204,15061,2350,6287,64129,2492,,2120,3079,9819,61563,12,31126,269
Nov-87,698,52,245,1,216,1900,308,4762,447,2089,7,491,3290,942,10791,137,50,1711,1173,14172,2250,6011,62107,2307,,2063,2890,9535,62042,10,30043,258
Dec-87,720,57,285,3,236,2100,342,5022,512,2125,11,504,3424,1010,10793,143,53,1758,1189,14542,2355,6156,63682,2520,,2092,2917,9871,63325,11,30807,268
Jan-88,712,44,215,1,205,1839,293,4872,400,2053,14,475,3356,980,10937,149,48,1827,1161,14368,2344,6162,63922,2528,,2042,2918,10046,61971,10,30547,261
Feb-88,652,47,230,1,229,1821,281,4872,441,1950,13,459,3159,996,10958,138,50,1703,1203,13547,2191,5821,59979,2510,,1918,2740,9400,60020,10,28559,242
Mar-88,685,53,262,3,252,2000,422,5201,432,2070,12,477,3379,1094,11222,144,50,1744,1219,14463,2319,6195,63853,2743,,2040,2859,9940,64668,10,30678,263
Apr-88,641,48,242,5,223,1876,303,4976,497,1977,13,473,3292,994,10924,138,55,1674,1190,13835,2255,5871,61281,2719,,1947,2824,9756,60877,8,29347,259
May-88,672,54,253,2,222,1931,310,5077,473,1969,16,497,3413,986,11252,141,51,1625,1217,14283,2292,5944,62750,2753,,2020,2957,9922,62492,10,30380,272
Jun-88,658,51,262,2,228,1971,320,5065,490,1923,14,491,3289,1033,10763,134,49,1712,1106,13341,2189,5831,60347,2760,,1933,2740,9456,59523,9,29348,266
Jul-88,683,44,234,1,206,1844,258,4802,444,1932,14,506,3348,945,10588,135,48,1835,1077,13700,2300,5931,61624,2796,,1970,2759,9645,60764,10,30208,277
Aug-88,668,47,251,2,228,1970,310,5053,476,1886,13,518,3324,982,10814,138,53,1781,1047,14248,2508,6020,61476,2789,,1977,2757,9356,62268,9,30011,284
Sep-88,627,44,230,1,209,1860,298,4745,454,1876,13,500,3174,971,10284,132,50,1754,1095,12541,2240,5789,59019,2671,,1878,2632,9069,60584,10,28861,275
Oct-88,573,44,227,3,214,1790,286,4765,440,1898,11,532,3292,964,10370,139,46,1706,1091,13530,2352,5997,61450,2758,,1911,2719,9385,62315,10,29837,283
Nov-88,573,45,213,2,194,1779,288,4569,445,1830,14,516,3146,836,10100,134,53,1691,1071,13428,2239,5758,59159,2649,,1837,2562,8907,60800,9,28237,274
Dec-88,601,42,207,2,212,1795,296,4828,467,1886,10,534,3171,934,10660,138,48,1745,1128,13721,2324,5915,60635,2675,,1868,2549,9102,61862,9,28718,275
Jan-89,650,44,216,3,205,1861,299,4876,467,1969,11,561,3178,984,10735,136,49,1743,1012,13695,2320,6132,60740,2730,,1844,2528,9462,60692,9,28431,271
Feb-89,558,36,205,2,178,1505,252,4104,375,1719,12,484,2827,805,8762,123,42,1553,893,11840,2062,5339,53515,2368,,1600,2237,8280,54939,8,25735,242
Mar-89,612,45,238,2,206,1752,309,4946,480,1869,9,533,3149,954,10466,135,52,1746,987,13212,2290,5977,59812,2680,,1813,2486,9381,52265,10,28413,266
Apr-89,594,41,221,2,192,1638,263,4715,623,1787,10,532,2989,860,10096,127,46,1696,951,12927,2270,5681,57725,2622,,1769,2309,9025,56700,11,27494,253
May-89,638,50,256,2,192,1768,297,4849,468,1828,14,532,3089,912,10202,139,46,1731,990,13255,2324,5918,59073,2666,,1824,2495,9276,61174,13,28341,270
Jun-89,588,47,248,2,191,1706,286,4641,451,1823,10,536,2943,868,9692,131,44,1668,937,12747,2345,5585,56383,2553,,1760,2068,8870,55828,13,27260,257
Jul-89,598,41,200,2,181,1749,278,4636,439,1807,12,538,3133,790,9870,138,44,1767,980,13275,2344,5765,58015,2546,,1766,2437,9107,53484,13,28143,269
Aug-89,608,45,247,2,191,1782,284,4780,458,1840,12,522,3098,870,9816,135,42,1750,982,12764,2380,5737,57916,2557,,1760,2433,8705,57963,13,28112,285
Sep-89,626,40,224,1,184,1699,260,4483,413,1735,10,505,2980,808,9540,131,43,1637,916,12389,2257,5534,55717,2424,,1706,2365,8877,56260,11,26915,290
Oct-89,665,38,236,2,192,1757,285,4642,455,1816,11,515,3159,830,9903,138,46,1495,882,12506,2361,5793,57467,2580,,1751,2425,9031,58198,13,27820,291
Nov-89,586,38,222,1,184,1708,271,4525,422,1686,12,484,3084,810,9456,137,42,1472,887,12595,2236,5642,55925,2478,,1674,2207,8731,57449,12,26858,265
Dec-89,566,33,185,2,147,1453,227,4288,363,1689,10,488,3115,724,8955,142,36,1555,844,12090,2214,5611,55881,2451,,1689,2425,8970,59027,11,27652,257
Jan-90,589,40,253,2,194,1849,286,4760,471,1766,15,496,3121,991,10401,143,47,1612,844,12614,2267,5781,58072,2567,,1705,2401,8987,57786,10,27322,314
Feb-90,553,33,208,2,178,1578,238,4211,392,1537,11,453,2827,799,8616,130,42,1467,951,11568,2034,5211,52687,2349,,1554,2227,8097,51350,10,24750,311
Mar-90,497,33,228,2,194,1737,262,4639,446,1716,13,500,3137,915,9556,143,45,1615,1044,12577,2264,5766,57594,2646,,1708,2410,8979,56381,11,27453,313
Apr-90,538,33,215,1,176,1595,246,4500,436,1625,12,492,3026,813,9145,133,47,1558,855,12058,2271,5499,55382,2557,,1631,2294,8578,54069,12,26530,325
May-90,522,34,227,2,177,1628,251,4651,440,1701,12,500,3121,796,9572,133,43,1622,901,12563,2272,5671,57044,2659,,1685,2388,8952,54725,9,27310,343
Jun-90,466,31,210,1,165,1569,243,4389,425,1583,12,482,2994,814,8998,130,38,1463,844,11997,2225,5407,54665,2514,,1592,2279,8586,48373,12,26307,337
Jul-90,451,32,207,1,155,1761,156,4640,449,1639,10,507,3071,727,9399,134,45,1532,897,12250,2256,5560,56603,2561,,1669,2293,8592,52286,11,26962,331
Aug-90,396,34,242,1,188,1760,297,4902,466,1656,12,513,3103,905,9822,140,46,1526,849,12503,2341,5657,57292,2552,,1684,2291,8715,53538,11,27004,356
Sep-90,389,32,217,1,177,1623,251,4524,448,1553,12,497,3020,811,9038,135,36,1551,794,12186,2219,5454,55515,2528,,1628,2218,8382,51046,9,26124,338
Oct-90,401,38,227,1,198,1711,280,5014,517,1665,12,504,3139,875,9758,145,42,1609,810,12606,2280,5836,58804,2598,,1680,2304,8859,58416,10,27482,358
Nov-90,408,40,200,1,174,1682,265,4698,499,1606,14,474,3059,806,9394,142,40,1400,803,12192,2253,5660,56998,2505,,1648,2255,8578,52373,10,26615,347
Dec-90,465,35,207,1,167,1461,225,4500,420,1629,11,471,3099,756,8574,140,35,1583,794,12468,2352,5748,57822,2417,,1626,2244,8551,56966,6,27009,338
Jan-91,410,35,227,1,174,1549,227,4741,434,1649,13,485,3120,755,9197,144,37,1631,900,12555,2333,6044,59433,2602,,1666,2251,8708,57283,10,27126,338
Feb-91,358,37,214,1,157,1430,260,4691,425,1500,11,446,2847,776,8658,131,34,1495,827,11759,1947,5538,54071,2418,,1539,2062,7879,53410,9,24735,311
Mar-91,372,32,198,1,162,1662,254,4984,388,1563,12,494,3146,731,9505,142,43,1623,915,12500,2285,6080,59299,2664,,1709,2277,8637,58496,10,27190,340
Apr-91,419,35,219,2,169,1378,269,4914,545,1525,10,480,3033,798,9285,138,40,1491,824,12321,2314,5932,57138,2608,,1645,2213,8344,53933,9,26396,329
May-91,383,34,218,1,180,1701,246,4986,417,1518,13,493,3139,795,9405,138,42,1503,849,12501,2328,6026,58502,2720,,1686,2033,8429,54890,11,27239,319
Jun-91,192,35,201,1,153,1547,241,4645,443,1419,11,477,2997,733,8911,135,40,1511,806,12011,2274,5712,55333,2634,,1589,2021,8115,52700,10,26378,278
Jul-91,327,37,222,1,166,1751,265,4910,499,1491,14,492,3075,789,9207,144,41,1585,848,12183,2386,5790,57078,2646,,1660,2097,8393,55039,8,27101,259
Aug-91,379,37,213,1,156,1688,255,4847,475,1445,12,500,3037,767,9081,145,41,1619,855,12538,2322,5882,57332,2643,,1656,2038,8502,53657,10,27264,256
Sep-91,426,33,202,1,156,1589,248,4551,461,1353,14,485,2827,735,8574,133,40,1409,813,12226,2204,5680,55302,2551,,1597,2022,8081,53604,9,26209,264
Oct-91,496,42,229,1,178,1678,261,4712,325,1388,13,502,2928,810,8987,138,42,1460,901,12116,2236,5984,57160,2623,,1639,1856,8289,57118,9,27033,254
Nov-91,481,34,194,1,145,1512,230,4375,583,1315,13,480,2821,732,8542,135,43,1617,860,11904,2147,5752,55424,2557,,1579,1797,8079,52952,7,26112,210
Dec-91,482,36,194,1,167,1583,258,4572,490,1354,13,498,2921,735,8742,139,42,1693,907,12456,2279,5997,56544,2716,,1614,1800,8472,53267,9,26714,255
Jan-92,483,35,211,1,168,1604,250,4841,454,1408,11,487,2878,770,8762,138,44,1677,905,12445,2192,5903,56323,2566,,1599,1664,8495,55457,9,26278,250
Feb-92,444,22,162,1,168,1527,234,4319,440,1321,13,454,2707,737,8233,128,45,1533,861,11644,2021,5719,52552,2435,,1487,1902,7877,52428,8,24461,237
Mar-92,431,35,205,1,179,1618,265,4668,354,1365,13,478,2861,805,8968,131,41,1623,881,12339,2112,6048,56220,2532,,1603,2028,8346,55345,8,26155,252
Apr-92,429,32,189,1,183,1600,248,4589,575,1300,13,466,2745,813,8708,127,49,1589,882,11926,2072,5830,54054,2546,,1541,1851,8044,52233,8,25256,271
May-92,454,33,171,1,158,1592,241,4511,446,1344,12,476,2807,748,8524,132,46,1558,810,12225,2152,5991,54953,2561,,1582,1991,8306,52152,8,26128,316
Jun-92,457,36,184,1,160,1619,261,4459,451,1291,13,450,2685,787,8392,130,46,1547,779,11858,2118,5746,52661,2458,,1504,1901,7943,51094,8,25157,305
Jul-92,407,37,175,1,185,1652,253,4533,467,1342,12,458,2755,757,8630,129,38,1592,791,12254,2153,5888,54505,2477,,1544,1959,8259,51291,8,25916,320
Aug-92,456,37,171,1,180,1618,246,4375,482,1310,12,449,2772,733,8597,133,40,1591,893,11052,2134,5889,54719,2434,,1573,1933,8127,50681,9,25680,324
Sep-92,453,36,164,1,178,1609,248,4344,481,1274,12,443,2679,747,8187,125,40,1488,877,11242,2027,5679,52929,2468,,1516,1876,7827,51011,8,24833,341
Oct-92,469,37,170,1,184,1600,262,4421,458,1300,11,451,2737,797,8454,132,39,1620,897,12593,2123,5816,54834,2557,,1551,1885,7973,52576,9,25620,360
Nov-92,462,30,162,1,156,1610,238,4036,285,1096,10,429,2605,724,7755,125,36,1570,787,11421,1982,5626,52601,2335,,1494,1848,7748,50213,7,24722,376
Dec-92,479,34,173,1,168,1655,270,4517,586,1230,10,435,2662,778,8597,128,36,1637,897,12076,2095,5837,54274,2418,,1487,1882,7866,52841,7,25282,369
Jan-93,488,26,167,1,167,1486,247,4067,375,1179,10,421,2664,680,8208,128,36,1623,865,11798,2049,5848,54148,2454,,1465,1930,7651,51284,6,24918,255
Feb-93,385,23,147,1,170,1279,209,3584,445,1079,9,378,2441,604,7416,115,30,1427,789,10779,1858,5360,48839,2280,,1349,1734,6597,45585,5,22584,163
Mar-93,436,29,174,1,172,1551,129,4345,393,1220,12,422,2694,732,8746,131,34,1507,863,11959,2007,5912,53801,2573,,1497,1940,7663,50812,6,24878,185
Apr-93,453,31,183,1,178,1482,383,4250,516,1160,11,409,2553,726,8185,124,38,1469,843,11521,1928,5633,51690,2239,,1450,1875,7279,47610,7,23763,186
May-93,475,29,164,1,181,1447,230,4116,351,1142,11,424,2636,661,8103,124,33,1486,869,11963,1873,5580,52838,2870,,1489,1838,7514,48606,7,24910,166
Jun-93,449,33,178,1,161,1420,161,4190,486,1152,13,414,2573,719,8153,122,41,1471,796,11517,1832,5570,50734,2369,,1429,1817,7377,45609,7,23671,141
Jul-93,470,29,164,1,173,1450,235,4871,317,1153,10,417,2625,679,8268,125,35,1553,834,11728,1920,5712,51722,2429,,1451,1836,7477,44683,6,24874,140
Aug-93,489,30,171,1,177,1525,254,4112,443,1163,11,408,2587,661,8134,124,35,1656,832,11753,1814,5711,51853,2426,,1504,1811,7375,47365,4,25025,137
Sep-93,479,26,174,1,176,1505,228,4085,408,1050,12,391,2548,721,7889,125,34,1632,835,11221,1849,5531,50005,2347,,1442,1735,7140,44123,6,24209,129
Oct-93,501,27,184,0,171,1400,240,4005,293,1243,12,426,2626,727,8078,132,37,1662,826,11647,1832,5822,51726,2433,,1491,1795,7330,49925,7,25114,132
Nov-93,480,27,174,1,168,1460,215,3957,296,1225,11,375,2478,665,7765,126,35,1582,841,11226,1777,5766,50183,2452,,1422,1714,6965,50103,6,24253,122
Dec-93,499,26,156,1,154,1400,229,4043,272,1030,11,384,2490,708,7680,126,31,1610,782,11560,1874,5977,51551,2526,,1459,1795,7301,51789,6,24891,123
Jan-94,490,20,177,0,99,1262,186,3912,303,1072,10,377,2370,544,7919,124,24,1588,838,10975,1805,5803,51754,2395,,1414,1766,7299,51398,4,24331,166
Feb-94,482,20,182,1,156,1357,211,3500,431,982,10,335,2122,684,7124,114,33,1379,722,9858,1621,5238,46561,2283,,1237,1617,6556,44718,4,21966,124
Mar-94,494,22,220,1,170,1610,266,4115,57,1084,10,369,2341,861,8138,127,38,1523,879,10987,1770,5826,51465,2533,,1414,1814,7057,49076,4,24233,135
Apr-94,510,25,214,1,179,1479,213,3791,559,978,9,330,2280,753,7484,116,38,1494,884,10504,1591,5499,49384,2381,,1340,1733,6742,45130,6,23622,125
May-94,529,27,220,0,178,1495,230,4049,369,1040,10,365,2380,755,7934,123,34,1599,889,10729,1688,5570,50644,2562,,1368,1766,6946,48916,6,24384,137
Jun-94,491,25,227,1,175,1445,232,3898,331,992,10,347,2270,780,7668,119,32,1531,738,10296,1650,5324,48323,2381,,1315,1693,6686,45502,6,23499,162
Jul-94,527,27,205,1,147,1419,223,3973,276,1010,11,358,2333,716,7456,124,33,1563,740,10549,1677,5480,49488,2396,,1408,1734,5874,46337,6,24253,167
Aug-94,497,31,221,1,164,1469,239,4007,352,1027,12,355,2326,757,7551,123,38,1554,769,10723,1710,5522,49347,2379,,1398,1729,6128,46487,7,24087,140
Sep-94,487,26,211,1,171,1412,225,3853,271,1002,10,346,2246,697,7310,118,38,1475,809,10317,1641,5328,47681,2315,,1371,1705,6632,45425,7,23449,141
Oct-94,525,26,212,1,171,1387,173,3894,320,998,10,352,2339,715,7393,123,36,1491,732,10537,1650,5388,48888,2326,,1446,1729,6715,49709,6,24344,139
Nov-94,522,25,219,1,155,1379,231,3815,483,977,11,337,2244,719,7250,120,39,1550,793,10347,1630,5293,47771,2255,,1390,1648,6422,45537,6,23472,127
Dec-94,538,25,210,0,154,1435,64,3925,261,1045,10,345,2324,777,7746,123,35,1598,775,10661,1690,5575,49430,2407,,1427,1727,6470,50714,5,24420,136
Jan-95,514,25,157,1,156,1389,389,3826,332,956,9,339,2431,673,7405,124,32,1608,723,10602,1674,5342,49056,2566,,1419,1740,6712,48819,4,23651,133
Feb-95,474,21,138,1,157,1226,199,3585,388,931,9,308,2194,647,7049,110,29,1467,649,9590,1524,4935,44190,2311,,1291,1553,7879,44178,5,21273,118
Mar-95,521,27,179,1,192,1454,226,3836,210,1022,10,334,2479,780,7588,121,38,1606,727,10321,1667,5467,48410,2573,,1431,1735,6394,47262,6,23395,122
Apr-95,503,26,164,1,175,1337,208,3642,326,970,10,320,2508,690,7269,116,29,1560,696,9818,1636,5282,46696,2421,,1380,1730,6232,45334,5,22880,113
May-95,491,30,182,1,185,1369,224,3671,292,995,12,322,2498,739,7411,114,34,1654,710,10206,1674,5585,47706,2421,,1402,1726,6477,47051,5,23741,115
Jun-95,488,31,180,1,184,1336,214,3637,424,941,10,310,2345,707,7251,110,29,1500,675,10046,1736,5348,45594,2162,,1353,1603,6481,44510,7,22931,109
Jul-95,479,25,158,1,164,1353,220,3594,119,947,11,309,2418,641,7237,105,29,1620,880,10282,1646,5512,46681,2273,,1393,1640,6573,43444,7,23529,111
Aug-95,450,27,155,0,164,1408,229,3754,314,994,10,318,2494,708,7410,114,30,1557,768,10213,1673,5632,46620,2256,,1408,1620,6443,44391,7,23714,110
Sep-95,447,24,173,1,153,1348,211,3512,362,930,11,308,2418,672,6956,109,31,1552,731,9956,1625,5218,45107,2179,,1365,1609,6403,41323,7,22981,102
Oct-95,426,24,179,1,152,1357,230,3591,289,885,8,315,2526,699,7440,110,35,1536,777,10522,1712,5392,47110,2207,,1401,1691,6514,45727,7,23905,105
Nov-95,444,23,152,1,125,1332,217,3522,297,876,10,302,2471,670,7294,105,33,1534,779,10467,1651,5309,45725,2269,,1326,1652,6274,44155,6,23100,102
Dec-95,456,21,122,1,140,1281,208,3597,139,937,9,307,2552,631,7180,106,34,1536,795,10862,1692,5486,46751,2339,,1359,1687,6503,45461,6,23877,103
Jan-96,447,20,119,1,125,1225,212,3468,342,950,10,298,2565,673,7425,104,31,1461,861,10323,1636,5486,46721,2183,,1283,1662,6345,44767,6,23740,99
Feb-96,385,19,125,1,130,1110,201,3382,395,879,8,284,2419,678,6900,101,32,1305,764,10375,1520,5119,43547,2054,,1234,1555,6041,42988,5,22245,91
Mar-96,474,23,136,1,146,1375,202,3425,97,958,11,306,2663,727,7432,110,30,1500,806,11538,1706,5538,47159,2138,,1349,1647,6155,45086,6,23968,91
Apr-96,553,28,149,2,148,1260,216,3546,475,909,10,293,2618,778,7355,107,35,1449,782,10687,1625,5318,45382,2135,,1325,1581,5947,41014,6,22753,90
May-96,560,26,148,1,150,1310,196,3619,289,919,10,298,2708,712,7342,107,32,1459,796,11164,1615,5294,46406,2085,,1370,1622,5995,41573,6,24068,89
Jun-96,544,25,137,1,147,1295,194,3409,284,884,10,296,2674,611,6979,103,31,1394,763,10893,1530,5221,44396,2063,,1322,1560,5837,42581,8,23325,86
Jul-96,579,28,142,1,154,1310,224,3573,402,911,10,300,2807,654,7077,107,34,1394,747,11088,1618,5498,45439,2152,,1382,1620,5968,40821,8,23865,87
Aug-96,565,25,148,1,134,1400,218,3492,15,865,9,297,2820,654,7170,105,31,1446,680,11262,1621,5709,45202,2029,,1390,1639,6325,41126,8,24082,86
Sep-96,537,31,139,1,126,1390,214,3406,444,918,9,291,2761,698,6797,104,30,1364,680,11134,1591,5123,44037,2039,,1344,1634,6151,42019,8,23235,89
Oct-96,541,30,156,1,150,1360,226,3531,292,900,10,302,2872,744,7256,104,34,1417,672,11516,1737,5488,45663,2107,,1343,1696,6112,42757,8,23888,90
Nov-96,539,25,146,1,135,1290,197,3312,274,867,10,287,2674,662,6321,102,29,1334,638,10903,1644,5280,43803,1945,,1258,1618,6158,42104,8,23379,78
Dec-96,569,28,145,1,135,1250,223,3627,293,877,9,290,2734,714,7325,103,32,1343,626,11268,1666,5405,45587,2023,,1319,1567,6330,43163,6,23862,82
Jan-97,570,23,137,1,138,1240,175,3477,269,1112,10,284,2767,730,6997,104,31,1299,715,10944,1653,5967,45150,2169,,1324,1624,6001,42767,6,23508,81
Feb-97,494,22,119,1,121,1210,193,3168,149,823,9,261,2614,659,6481,101,29,1183,706,10358,1543,5523,41756,2023,,1242,1497,5494,38746,7,21347,77
Mar-97,543,22,134,1,127,1385,200,3646,258,683,10,290,2862,730,7448,115,31,1298,771,11302,1704,6037,45840,2275,,1359,1615,6052,41262,6,23882,88
Apr-97,541,18,133,1,124,1295,204,3508,344,455,9,274,2817,706,6862,106,32,1228,664,11273,1679,5924,44467,2189,,1274,1461,5766,39915,6,23260,82
May-97,542,22,100,1,124,1330,202,3507,275,1268,11,284,3072,730,7359,116,33,1269,746,11614,1741,6082,45629,2135,,1293,1647,6088,40404,7,23903,100
Jun-97,533,30,92,1,117,1315,147,3407,302,823,11,269,2983,706,6986,111,30,1225,731,11065,1690,5327,44141,2138,,1247,1571,5794,37795,7,23416,88
Jul-97,497,21,112,1,125,1405,252,3549,268,914,9,274,3079,730,7196,112,30,1225,751,11377,1919,5912,45305,2113,,1340,1633,5997,38376,7,24341,86
Aug-97,536,25,108,0,130,1420,201,3264,170,813,10,277,3108,730,6944,117,31,1197,777,11290,1828,5954,45012,2096,,1359,1608,5902,37205,8,24558,79
Sep-97,523,22,110,0,122,1420,224,3287,268,889,8,271,3042,706,6733,113,27,1217,628,11200,1753,5707,43976,2062,,1173,1592,5681,38283,7,23771,76
Oct-97,538,31,96,0,121,1390,219,2672,301,812,10,285,3185,730,6922,115,36,1264,656,11477,1914,5895,45536,2055,,1319,1699,5887,39869,7,24685,77
Nov-97,511,23,86,1,125,1375,191,2811,269,318,8,283,3108,706,6579,111,29,1219,627,10946,1779,5714,44460,2069,,1276,1690,5575,38340,7,23875,73
Dec-97,554,17,94,1,135,1330,224,3539,114,1143,9,286,3196,730,6857,114,29,1207,657,11288,1834,5792,45313,2293,,1320,1680,5939,39987,5,24627,72
Jan-98,523,19,146,1,136,1295,197,3522,416,870,9,286,3139,612,6816,113,34,1181,746,11210,1986,6840,45909,2038,,1386,1681,5945,38097,6,24612,69
Feb-98,498,18,119,1,102,1130,187,3191,121,809,8,269,2727,574,6386,100,23,1027,668,11218,1830,5463,41312,1873,,1267,1538,4891,34661,5,21380,64
Mar-98,480,19,152,0,124,1165,197,2372,324,785,8,294,3039,636,6638,106,27,1108,730,11293,2056,6616,45140,2044,,1400,1709,5529,37847,5,24102,72
Apr-98,479,20,174,1,123,1155,188,3244,253,800,9,284,3023,608,6822,108,22,1044,707,11355,1927,6270,43016,1930,,1435,1630,5571,36009,5,23577,66
May-98,542,19,164,0,122,1162,174,3070,224,849,9,291,3115,518,6944,104,24,999,696,11306,1915,6222,43723,1949,,1475,1539,5075,36375,6,24327,65
Jun-98,531,17,168,1,115,1117,172,2763,244,700,7,267,2977,520,6331,99,18,1011,636,11287,1982,5858,41599,1836,,1383,1607,5463,34046,6,23428,62
Jul-98,518,18,184,0,124,1135,190,3139,218,762,9,258,2986,561,6639,101,23,1032,677,11139,1897,5690,41721,1838,,1406,1616,5504,35819,7,24116,67
Aug-98,504,18,169,1,126,1127,189,3075,216,706,7,257,2972,502,6561,100,24,1045,673,11136,1818,5443,41772,1849,,1407,1612,5411,35108,9,24258,84
Sep-98,427,20,191,0,135,1120,187,2676,216,668,7,246,2849,588,6312,93,27,964,628,11123,1641,5586,40185,1785,,1346,1616,5263,32796,9,23144,63
Oct-98,461,18,187,0,133,1113,183,3082,257,706,8,256,2968,466,6276,95,27,1016,645,11094,1683,6135,41157,1670,,1276,1599,5458,37099,8,23509,64
Nov-98,465,15,168,0,118,1110,183,2715,216,642,6,237,2871,498,6003,93,18,970,606,11051,1650,6002,39708,1700,,1329,1529,5409,35037,6,23462,62
Dec-98,543,16,158,0,113,1103,161,2692,216,697,6,231,2897,458,5850,94,20,1001,585,11008,1646,6203,39420,1852,,1373,1523,5263,35956,6,23712,61
Jan-99,455,14,119,1,112,995,161,2050,186,708,6,225,2822,479,6052,91,24,982,632,10453,1458,5435,39197,1672,,1253,1485,5329,36094,5,23434,63
Feb-99,391,13,103,0,114,1035,146,2351,185,662,6,203,2550,492,5649,83,25,890,550,10249,1348,4947,35443,1464,,1240,1313,4739,30905,4,21247,57
Mar-99,418,16,114,1,135,1027,174,1891,217,668,6,216,2809,555,6268,94,27,959,601,10083,1482,5540,38576,1659,,1184,1453,5296,35148,5,23321,62
Apr-99,398,18,131,1,131,1055,166,2239,223,673,7,213,2732,537,6010,96,32,884,583,10143,1434,5435,37050,1484,,1235,1384,5064,31669,6,22412,59
May-99,370,16,114,1,125,1005,154,2189,212,665,8,221,2820,496,6076,93,30,945,587,10105,1513,5559,38147,1513,,1294,1410,5197,33719,6,22798,59
Jun-99,372,17,129,0,109,1005,173,2361,237,665,7,217,2726,492,5745,89,24,911,564,10039,1417,5299,36136,1539,,1257,1332,4994,29021,8,22087,58
Jul-99,421,19,128,1,116,997,164,2377,250,649,8,214,2783,513,5783,90,26,963,593,9977,1472,5466,37374,1532,,1285,1355,5125,30686,8,22967,61
Aug-99,431,19,125,1,129,1008,176,2847,252,613,8,229,2741,507,5856,91,28,895,587,9898,1479,5505,37109,1540,,1304,1360,5165,31337,6,22528,59
Sep-99,395,18,132,1,129,1004,167,2706,263,643,9,223,2651,492,5660,90,31,881,606,9839,1552,5329,36442,1483,,1256,1282,5066,28001,6,22702,57
Oct-99,421,19,123,0,126,938,133,2759,247,630,9,238,2786,454,5678,90,33,973,614,9799,1563,5363,38109,1561,,1262,1311,5110,33109,5,23515,58
Nov-99,420,18,130,0,121,1031,178,2610,246,630,9,226,2682,480,5816,93,32,906,606,9742,1633,5166,37180,1484,,1149,1266,4999,30704,4,22755,57
Dec-99,403,19,123,1,124,965,172,2666,259,630,9,238,2781,473,5963,100,32,935,629,9681,1600,5332,38470,1538,,1218,1302,5042,32806,3,23251,57
Jan-00,360,16,111,0,118,997,179,3062,128,481,8,240,2766,510,5844,98,28,934,578,9132,1594,5846,38241,1631,,1314,1366,5185,31751,5,22784,56
Feb-00,349,19,108,0,88,1027,170,2804,267,145,7,228,2627,507,5996,87,40,858,592,8580,1465,5503,36030,1494,,1244,1275,4872,29906,3,21332,53
Mar-00,373,19,145,1,124,1025,187,2859,394,797,9,249,2818,661,6112,96,35,919,624,9183,1669,5802,38258,1615,,1327,1348,5201,31395,3,22865,55
Apr-00,385,16,108,1,114,1030,166,2841,306,507,8,246,2722,500,5843,98,25,887,601,8795,1625,5649,36836,1521,,1287,1290,5001,30241,2,22234,52
May-00,411,17,130,1,133,1035,185,2967,237,797,9,250,2804,567,5978,99,26,905,623,8943,1701,5841,37606,1568,,1320,1317,5197,29934,5,23086,52
Jun-00,379,17,130,1,129,1040,184,2922,354,749,9,247,2698,537,5723,95,29,884,571,8576,1695,5528,36234,1510,,1315,1312,4998,27758,8,22220,52
Jul-00,389,17,128,1,118,1039,174,2830,249,789,9,251,2748,509,5853,100,28,866,593,8808,1704,5654,37121,1555,,1310,1320,5069,28288,7,22971,52
Aug-00,396,19,137,1,126,1015,187,3262,308,1199,9,250,2713,555,5719,95,27,864,578,8976,1691,5539,37177,1553,,1266,1309,5087,28343,6,22798,49
Sep-00,386,20,132,1,119,991,167,2732,366,699,7,250,2668,563,6040,90,30,834,576,8473,1659,5398,35866,1495,,1224,1271,4948,26767,6,22292,49
Oct-00,418,18,132,1,119,1008,181,2737,288,558,7,256,2805,635,5583,106,29,849,624,8740,1724,5488,36999,1536,,1296,1282,5150,29935,5,23253,51
Nov-00,386,20,129,0,108,987,168,2613,185,861,6,242,2630,560,5613,100,28,816,567,8337,1631,5361,35848,1480,,1251,1253,4962,29566,4,22365,49
Dec-00,394,12,110,1,104,1012,150,2834,383,325,6,248,2720,471,5672,106,21,841,627,8882,1686,5589,37181,1523,,1274,1293,5056,31315,5,22932,51
Jan-01,427,11,140,1,100,838,167,2887,212,517,7,251,2763,543,5757,105,32,828,645,8719,1684,5789,37020,1479,,1319,1273,5002,30384,3,22160,47
Feb-01,359,12,124,2,94,784,158,2507,227,485,7,224,2480,500,5307,97,28,734,603,8282,1544,5387,33270,1291,,1192,1162,4494,27367,3,20302,45
Mar-01,388,14,137,1,102,876,174,3101,266,505,8,251,2739,537,6218,106,31,817,651,9030,1727,5799,36603,1440,,1345,1322,4970,31271,3,22430,49
Apr-01,383,14,135,1,102,844,168,2880,267,490,8,241,2635,513,5954,103,37,788,657,8825,1764,5692,35464,1383,,1288,1296,4802,29594,4,21677,49
May-01,393,15,148,1,109,914,188,2888,288,484,8,255,2742,520,5881,105,33,797,653,9176,1711,5845,36204,1418,,1341,1342,4931,29669,7,21966,50
Jun-01,361,15,139,0,103,820,127,2862,243,636,8,247,2567,509,5811,101,30,739,626,8779,1573,5507,34606,1362,,1291,1282,4665,28048,5,21403,46
Jul-01,356,17,129,1,105,843,176,2825,258,639,8,240,2674,491,5632,109,32,783,646,9059,1594,5657,35747,1397,,1321,1302,4847,28725,7,22162,49
Aug-01,367,15,140,1,111,877,194,2905,259,592,8,248,2675,537,5557,109,28,786,641,8754,1558,5758,35622,1387,,1386,1277,4762,28768,7,22115,48
Sep-01,372,13,125,1,97,778,138,2678,216,628,8,242,2576,450,5499,105,27,771,611,8378,1536,5558,34127,1333,,1355,1241,4721,26749,6,21385,46
Oct-01,351,14,147,1,109,872,186,2952,263,835,7,250,2653,490,5763,107,25,788,635,8593,1707,5842,35770,1367,,1396,1272,4823,27734,4,21800,48
Nov-01,337,14,130,0,101,822,173,2712,240,786,7,236,2560,476,5501,104,23,757,625,8536,1502,5543,34253,1314,,1356,1219,4656,30686,5,21353,46
Dec-01,332,12,126,1,93,824,173,2745,230,778,7,237,2627,485,5651,104,25,746,599,8479,1628,5624,35611,1349,,1330,1264,4760,32416,5,21910,49
Jan-02,337,15,197,2,133,857,174,2761,223,625,8,237,2624,478,5756,103,25,734,621,8193,1697,5804,35477,1733,,1451,1241,4723,32101,4,21780,50
Feb-02,318,13,178,1,109,784,133,2623,131,567,6,215,2404,432,4999,93,21,689,554,7599,1571,5238,31959,1581,,1297,1121,4238,28864,3,19875,45
Mar-02,352,14,197,2,135,809,163,2755,299,592,7,235,2628,478,5722,106,20,764,607,8348,1679,5700,34903,1740,,1416,1222,4631,32109,6,22550,48
Apr-02,281,12,191,3,114,878,169,2850,203,581,8,230,2533,463,5698,97,24,741,600,7977,1610,5631,33653,1709,,1367,1143,4566,30267,6,21311,45
May-02,305,14,197,1,118,935,159,2907,239,612,11,236,2611,478,5830,98,20,735,609,8348,1692,5782,34596,1730,,1413,1193,4693,31065,6,22103,48
Jun-02,297,12,191,2,121,958,150,2704,255,590,8,226,2505,463,5516,93,22,732,603,7995,1624,5445,32975,1643,,1371,1123,4495,30567,6,21149,47
Jul-02,285,15,197,4,149,1049,190,2925,214,600,9,226,2583,478,5655,101,25,734,615,7976,1683,5599,33876,1668,,1429,1132,4597,28873,6,21738,47
Aug-02,305,14,197,3,112,973,166,2842,262,591,8,240,2647,478,5614,105,21,730,630,8024,1603,5540,33968,1715,,1447,1148,4624,29905,5,21890,47
Sep-02,289,15,191,2,118,902,165,2731,138,567,7,229,2539,463,5377,103,23,696,593,7097,1525,5672,32904,1716,,1403,1079,4497,26574,6,21148,45
Oct-02,297,14,197,3,142,996,176,2675,247,573,7,236,2613,478,5473,105,24,717,609,6576,1572,5719,33980,1770,,1470,1136,4636,30477,6,21879,45
Nov-02,268,13,191,1,106,1024,151,2811,303,549,7,228,2535,463,5499,104,24,690,600,7485,1531,5632,33233,1701,,1440,1112,4481,27237,5,21062,43
Dec-02,299,13,197,1,100,937,165,2795,208,773,7,245,2580,478,5282,107,28,674,610,7703,1582,5799,34252,1815,,1486,1121,4620,31341,5,21415,42
Jan-03,286,9,209,1,116,1006,156,2918,164,553,7,240,2556,481,5840,110,32,707,623,7703,1686,5695,34336,1800,,1511,1144,4660,30505,5,21667,44
Feb-03,235,9,189,2,93,880,139,2519,181,507,6,216,2316,434,4800,96,29,634,564,7092,1496,5121,31046,1633,,1413,1032,4179,28420,4,19402,40
Mar-03,280,10,209,0,103,1035,158,2905,153,549,8,244,2531,481,5775,97,34,692,639,7929,1710,5690,34578,1780,,1540,1132,4524,31682,2,21315,43
Apr-03,260,12,203,3,190,989,155,2818,355,538,7,231,2405,465,5601,100,31,645,609,7685,1690,5442,33273,1766,,1528,1085,4396,29127,1,20508,38
May-03,259,14,209,2,117,986,158,2877,239,550,7,237,2462,481,5561,102,26,619,632,7861,1664,5616,34030,1813,,1581,1109,4551,30704,4,21046,45
Jun-03,284,12,203,0,125,958,154,2796,204,521,7,232,2398,465,5350,94,21,629,592,7501,1535,5418,32560,1779,,1544,1077,4312,29734,4,20351,41
Jul-03,287,13,209,2,123,1010,167,2918,222,530,8,231,2484,481,5501,101,21,628,613,7543,1572,5640,33571,1788,,1626,1104,4454,28724,4,20882,43
Aug-03,247,12,209,1,113,977,154,2813,224,517,7,233,2481,481,5341,105,26,678,610,7551,1564,5617,33529,1801,,1665,1089,4421,29294,4,20887,41
Sep-03,277,14,203,1,123,944,153,2834,192,498,7,223,2422,465,5227,101,22,659,593,7300,1537,5462,32843,1830,,1649,1036,4355,28913,5,20277,40
Oct-03,292,15,209,3,121,992,165,2974,239,500,7,229,2458,481,5380,111,24,670,615,7403,1634,5653,34071,1850,,1783,1097,4464,29981,5,21002,41
Nov-03,269,12,203,2,122,911,141,2711,236,475,7,219,2399,465,5047,108,21,656,549,7145,1584,5533,32850,1778,,1758,1067,4247,28894,5,20113,39
Dec-03,286,11,209,2,134,1009,166,2889,130,730,7,217,2497,481,5491,111,24,677,570,7304,1627,5703,33977,1892,,1821,1126,4407,29623,5,20643,40
Jan-04,290,10,203,1,124,857,130,2846,288,475,7,214,2454,490,5393,115,33,663,598,7194,1629,5754,33797,1832,,1795,1137,4353,30252,1,20442,40
Feb-04,260,12,190,1,141,835,135,2605,156,464,6,200,2306,458,5009,111,23,599,556,6781,1516,5281,31700,1773,,1671,1099,4073,27071,1,19272,36
Mar-04,259,14,203,2,150,970,159,2995,194,482,8,213,2546,490,5568,115,38,667,606,7404,1627,5622,33758,1939,,1925,1164,4384,30348,5,20422,40
Apr-04,256,13,196,2,141,915,155,2777,251,467,7,208,2497,474,5322,109,29,629,578,7061,1589,5383,32461,1901,,1898,1174,4205,28499,5,19784,38
May-04,260,13,203,2,158,925,150,2883,213,468,7,214,2603,490,5583,109,29,619,576,7243,1624,5542,33223,1943,,2007,1239,4338,29192,5,20534,38
Jun-04,232,14,196,1,143,913,150,2816,220,482,7,203,2533,474,4990,108,28,620,533,6904,1521,5248,31709,1899,,2056,1179,4259,27566,5,19778,37
Jul-04,235,14,203,1,148,924,152,2795,211,497,8,208,2593,490,5416,118,27,613,569,7168,1594,5357,32762,1885,,2104,1247,4376,25130,5,20233,36
Aug-04,226,17,203,1,148,937,150,2946,142,499,9,213,2673,490,5484,113,26,648,630,7154,1613,5378,32838,1919,,2147,1260,4449,21720,5,20188,40
Sep-04,126,15,196,4,144,918,149,2791,246,482,7,205,2610,474,5293,114,37,430,529,6110,1540,5165,32023,1839,,2182,1266,4313,26080,4,19549,41
Oct-04,235,18,203,1,148,915,150,2833,235,478,7,212,2734,490,5400,117,35,649,541,6645,1665,5342,33090,1879,,2299,1320,4468,28977,6,20153,41
Nov-04,257,16,196,1,153,930,142,2677,112,467,8,205,2735,474,4959,110,29,648,517,6726,1655,5177,32073,1831,,2273,1310,4316,28408,6,19615,38
Dec-04,268,14,203,2,137,945,132,2913,282,690,7,211,2868,490,5560,117,28,656,514,6880,1668,5268,33281,1894,,2362,1350,4407,29199,5,20169,39
Jan-05,279,17,209,2,124,819,111,2566,101,472,7,207,2797,481,5073,117,36,684,528,7015,1502,5353,33740,1893,,2363,1323,4345,28462,5,19546,40
Feb-05,219,16,189,2,118,772,129,2569,215,430,6,188,2590,434,4832,112,26,619,488,6475,1423,4822,30718,1760,,2334,1228,3979,25674,4,17811,35
Mar-05,254,17,209,2,238,922,152,2902,268,473,7,211,2957,481,5543,98,32,685,459,7322,1591,5305,34033,1962,,2619,1358,4332,28537,4,19861,39
Apr-05,242,17,202,2,109,858,151,2825,220,449,7,203,2820,465,5269,112,27,660,530,7148,1525,5067,32706,1873,,2610,1311,4159,26803,4,19070,37
May-05,251,17,209,3,127,864,152,2827,114,472,8,210,2889,481,5346,114,27,677,545,7406,1564,5242,33439,2035,,2724,1402,4308,27682,4,19632,39
Jun-05,223,17,202,3,130,875,158,2822,283,448,7,199,2869,465,4358,113,25,702,518,7057,1508,5001,32094,1912,,2660,1375,4241,24938,5,19021,37
Jul-05,136,17,209,3,143,854,153,2802,249,458,8,199,3039,481,5367,109,26,569,533,6821,1515,5062,32887,1933,,2780,1397,4445,24133,5,19493,38
Aug-05,180,17,209,2,148,881,156,2945,156,478,7,204,3097,481,4412,112,26,623,535,6576,1374,5064,33012,2016,,2919,1437,4443,25904,5,19462,38
Sep-05,193,17,202,2,143,843,145,2846,256,462,7,202,3041,465,5262,127,29,652,501,3797,1162,4827,31152,1930,,2860,1429,4337,24455,5,18802,36
Oct-05,208,17,209,3,143,844,150,2880,152,495,7,204,3188,481,5372,123,26,689,533,4710,1564,5249,33176,2016,,2993,1493,4447,26714,4,19402,37
Nov-05,192,17,202,2,134,821,145,2796,206,465,7,192,3155,465,5227,132,23,648,499,5206,1460,4910,32387,1967,,2926,1433,4367,26156,4,18782,35
Dec-05,209,17,209,2,140,854,125,2840,316,630,7,189,3232,481,5201,125,21,653,506,5667,1507,5062,33257,1931,,2999,1488,4365,25929,3,19348,36
Jan-06,199,27,220,1,125,883,191,3010,208,476,7,199,3024,462,5429,125,23,624,495,5908,1527,5177,33639,1968,,3034,1446,4452,25779,4,18682,37
Feb-06,180,24,199,1,125,783,131,2696,133,442,7,182,2886,417,4743,108,20,596,456,5418,1224,4688,30439,1830,,2737,1298,3966,22979,3,17439,33
Mar-06,199,27,220,2,196,886,150,3030,240,497,7,198,3253,462,5558,118,23,678,509,6158,1437,5072,33691,2098,,3087,1489,4493,23322,4,19081,36
Apr-06,195,26,213,1,134,863,145,2930,211,475,7,190,3076,447,5232,97,10,649,492,5936,1440,4869,32383,2022,,2910,1495,4359,24007,4,18341,35
May-06,214,27,220,1,145,892,150,3116,182,494,8,194,3368,462,5499,116,13,638,508,6198,1493,5069,33158,2136,,3076,1501,4473,24838,5,19075,37
Jun-06,194,26,213,2,141,870,146,2992,237,475,7,192,3319,447,5326,113,12,627,529,6096,1434,4862,31960,2015,,2994,1452,4292,23429,4,18378,34
Jul-06,213,27,220,1,137,866,142,2999,225,488,8,198,3391,462,5533,114,12,653,483,6352,1509,4969,32932,2097,,3113,1541,4485,21112,7,18819,36
Aug-06,213,27,220,1,155,889,153,3075,167,490,8,196,3452,462,5439,117,15,622,501,6348,1476,4602,32806,2096,,3121,1578,4487,19244,6,18812,36
Sep-06,206,26,213,1,146,838,137,2978,234,472,7,189,3355,447,5302,115,17,592,477,6111,1431,4908,32121,2026,,3061,1552,4362,19650,5,18288,34
Oct-06,193,27,220,2,138,858,138,3032,112,479,8,194,3495,462,5423,123,18,632,505,6248,1463,5060,33438,2171,,3131,1536,4560,22132,5,18975,36
Nov-06,192,26,213,1,140,842,148,3013,167,463,7,191,3432,447,5143,118,15,606,495,6286,1420,5068,32506,2073,,2961,1531,4436,19649,5,18305,34
Dec-06,162,27,220,2,143,855,141,2798,224,597,7,190,3540,462,5610,126,16,623,499,6558,1502,5108,33408,1969,,3070,1509,4609,24339,4,18820,37
Jan-07,190,32,237,1,155,803,136,2676,199,470,7,178,3549,438,4920,114,21,613,501,6521,1518,5011,32790,1890,0,3064,1464,4522,23934,3,18750,39
Feb-07,167,29,214,2,137,659,116,2627,148,437,6,167,3253,395,4828,108,15,540,474,5915,1543,4659,30189,1802,0,2720,1456,4122,21088,3,16528,34
Mar-07,163,32,237,2,223,874,146,3051,249,466,6,194,3632,438,5529,128,26,627,520,6693,1910,5040,33491,2191,0,3015,1658,4602,23137,4,18658,36
Apr-07,168,31,229,2,166,786,140,3077,86,439,6,193,3533,424,5363,121,20,531,491,6454,1611,4915,32475,2225,0,2880,1647,4523,22344,3,18178,37
May-07,161,32,237,2,176,838,142,3196,365,477,7,199,3706,438,5564,131,19,579,524,6660,1658,4995,33240,2308,0,3016,1746,4638,23724,4,18726,37
Jun-07,152,31,229,1,175,790,146,3012,234,455,7,193,3640,424,5165,125,25,573,503,6383,1667,4786,31745,2187,0,2877,1642,4482,21430,4,17960,31
Jul-07,152,32,237,2,153,834,142,3155,219,477,7,208,3807,438,5464,142,24,616,508,6502,1746,4892,32829,2231,0,2953,1688,4527,22198,4,18600,30
Aug-07,163,32,237,2,168,831,154,3406,247,463,7,209,3831,438,5356,146,28,640,508,6395,1768,4989,32978,2303,0,2941,1693,4617,19957,1,18395,33
Sep-07,184,31,229,2,155,816,140,3045,250,462,7,196,3780,424,5553,157,30,620,492,6253,1738,4787,32077,2157,0,2819,1613,4469,19179,5,17865,33
Oct-07,184,32,237,2,164,824,162,3349,108,491,7,208,3977,438,4529,175,25,601,503,6368,1830,5044,33226,2361,0,2957,1654,4599,21642,5,18570,36
Nov-07,190,31,229,1,155,785,152,3171,263,474,8,196,3894,424,5325,160,25,571,497,6317,1819,4955,32514,2295,0,2781,1627,4491,22188,4,17879,31
Dec-07,203,32,237,2,166,769,152,2826,298,616,6,195,4186,438,5305,158,25,660,510,6517,1864,5104,33705,2235,0,2884,1647,4524,22773,3,18410,31
Jan-08,201,33,254,2,170,812,156,3385,108,507,6,191,4233,431,5827,151,24,642,520,6377,1785,5046,33911,2250,0,2791,1652,4443,22027,3,18170,32
Feb-08,168,31,238,1,167,682,132,3053,256,530,6,183,3975,403,4794,142,26,620,479,6053,1688,4815,32011,2224,0,2581,1576,4164,20479,1,17000,31
Mar-08,184,33,254,1,225,806,141,3285,155,557,7,197,4428,431,5845,153,30,655,512,6536,1848,5141,34544,2472,0,2738,1762,4516,22517,5,18194,36
Apr-08,172,32,246,1,197,798,143,3240,199,509,7,190,4488,417,5716,149,29,537,504,6374,1746,4857,33394,2434,0,2625,1819,4460,21033,4,17718,36
May-08,104,33,254,1,187,788,156,3244,412,538,9,194,4807,431,5842,86,34,665,514,6562,1837,5009,34404,2521,0,2674,1871,4509,21240,5,18239,37
Jun-08,156,32,246,2,180,777,141,3204,156,497,8,190,4946,417,5576,144,27,632,501,6445,1942,4826,32917,2471,0,2582,1812,4329,19655,5,17504,36
Jul-08,172,33,254,1,168,834,162,3200,215,523,9,197,5322,431,5702,150,25,651,517,6628,1852,5059,34430,2518,0,2605,1887,4482,19829,5,18175,37
Aug-08,161,33,254,2,172,803,169,3408,323,534,9,213,5506,431,5813,148,33,657,517,6282,1841,5039,34417,2540,0,2605,1919,4494,16878,5,18241,39
Sep-08,156,32,246,1,171,798,165,3475,130,511,10,213,5656,417,5576,147,25,635,485,3386,1796,4701,31659,2648,0,2584,1881,4334,20432,5,17600,38
Oct-08,175,33,254,1,171,813,176,3451,244,532,10,217,6285,431,5726,148,33,659,518,5754,1983,5226,34876,2662,0,2674,1986,4482,22192,5,18178,39
Nov-08,178,32,246,1,151,745,157,3321,327,517,10,203,6433,417,5437,137,23,665,499,5941,1843,5120,34236,2619,0,2573,1966,4413,21846,4,17571,37
Dec-08,125,33,254,1,168,774,162,3396,120,613,9,207,6243,431,5445,144,28,677,512,6008,1944,5316,35140,2588,0,2565,1908,4419,21765,7,17941,37
Jan-09,58,28,247,1,85,704,131,3457,315,542,8,202,5821,415,5459,154,23,639,504,5872,1928,5310,35126,2625,0,2518,2000,4457,21039,3,17949,37
Feb-09,53,26,223,1,97,702,137,3138,190,497,7,185,5385,375,5444,135,21,577,462,5388,1755,4907,31594,2448,0,2305,1838,4002,19820,3,16092,33
Mar-09,55,28,247,1,178,839,154,3337,170,516,7,195,6055,415,5687,143,24,635,494,5926,1940,5370,34662,2662,0,2509,2015,4349,21982,4,17874,38
Apr-09,59,27,239,1,110,757,150,3273,105,502,8,184,5907,402,5581,140,23,614,485,5839,1945,4991,33294,2445,0,2385,1930,4278,19577,3,17204,33
May-09,66,28,247,1,104,760,137,3282,343,517,8,192,6384,415,5862,137,22,619,494,5930,1955,5178,33744,2552,0,2438,2021,4393,21008,4,17771,33
Jun-09,57,27,239,1,175,752,142,3299,154,508,8,187,6458,402,5753,139,27,576,474,5711,1891,4880,32116,2503,0,2322,1909,4264,17122,4,17166,34
Jul-09,59,28,257,1,105,771,157,3422,318,508,8,188,7069,415,5685,135,22,578,486,5742,1959,4969,32943,2519,0,2336,1913,4291,17089,5,17536,35
Aug-09,63,28,257,1,114,760,158,3294,120,511,8,187,7204,415,5659,134,20,594,494,5805,1966,5074,33070,2555,0,2279,1907,4249,17733,4,17520,44
Sep-09,60,27,249,1,163,768,157,3287,314,514,8,182,7141,402,5571,134,21,573,476,5742,1911,4945,32423,2488,0,2212,1820,4220,19562,4,16951,33
Oct-09,54,28,257,1,108,782,162,3244,215,539,9,185,7460,415,5639,141,21,596,461,5902,2019,5205,33501,2515,0,2241,1914,4391,20419,5,17356,36
Nov-09,53,27,249,1,99,735,157,3256,149,523,12,179,7397,402,5479,140,20,586,459,5424,1988,5180,33047,2552,0,2134,1826,4348,19865,4,16757,42
Dec-09,60,28,257,1,164,769,161,3176,216,581,13,174,7509,415,5355,132,24,603,466,5686,2071,5169,33808,2531,0,2157,1849,4289,20295,2,17088,39
Jan-10,101,32,272,1,136,679,137,3191,327,611,12,182,7293,405,5190,114,22,563,470,5399,2020,5261,34061,2681,0,2094,1836,4345,19849,2,17018,37
Feb-10,114,29,245,1,119,727,136,3014,135,547,13,171,7288,366,5229,132,20,499,440,5086,1868,5002,31391,2473,0,1981,1703,4001,17782,2,15359,34
Mar-10,125,32,272,1,148,810,161,3433,157,602,16,191,8568,405,5983,140,22,597,496,5726,2036,5569,35243,2725,0,2169,2017,4524,20030,1,17165,39
Apr-10,133,31,263,1,157,796,154,3426,176,552,17,185,8510,392,5808,129,21,552,472,5504,1938,5242,34104,2650,0,2061,1983,4389,19190,2,16608,37
May-10,166,32,272,1,153,750,144,3380,304,544,15,194,9224,405,5806,129,22,577,493,5770,2010,5503,35528,2773,0,2140,2079,4547,17710,4,17186,39
Jun-10,158,31,263,1,174,768,158,3442,205,550,15,190,9400,392,5667,125,21,565,483,5605,1948,5267,34161,2574,0,2045,2055,4394,16034,5,16525,32
Jul-10,170,32,278,2,163,774,160,3442,213,584,12,197,9932,405,5910,134,22,615,479,5804,2018,5537,35725,2566,0,2145,2151,4516,16886,4,17040,34
Aug-10,168,32,278,1,156,756,161,3469,132,597,10,204,10183,405,5919,139,22,629,478,5806,2027,5567,36196,2879,0,2153,2191,4523,16686,3,17108,34
Sep-10,157,31,269,1,161,761,158,3392,273,610,9,198,10258,392,5804,149,21,626,475,5706,1967,5332,35737,2869,0,2139,2141,4439,18413,5,16605,34
Oct-10,154,32,278,1,167,771,157,3396,210,600,9,203,10610,405,6101,143,22,634,490,5848,2036,5759,37680,2950,0,2190,2210,5269,19173,5,16717,36
Nov-10,155,31,269,1,164,732,156,3321,72,573,10,205,10667,392,6319,139,21,639,473,5575,2002,5706,37306,2901,0,2097,2123,4435,18185,4,16420,35
Dec-10,176,32,278,0,144,744,153,3564,313,610,9,211,10623,405,6461,135,22,658,485,5762,2111,5823,39635,3027,0,2118,2174,4509,18966,0,16619,36
Jan-11,172,32,297,1,161,728,151,3352,165,627,10,204,10586,395,6282,138,30,638,484,5692,2087,5922,39726,2903,0,2031,2084,4400,14378,2,16581,34
Feb-11,147,29,268,1,148,615,145,3049,95,555,10,184,9723,357,5005,124,22,596,443,5157,1866,4604,34376,2751,0,1867,1910,3994,17114,2,15115,31
Mar-11,173,32,297,1,179,809,161,3659,211,596,11,206,11128,395,6908,139,25,664,491,6002,2031,6028,41451,3238,0,2059,2196,4548,18940,2,16691,32
Apr-11,166,31,287,1,172,719,150,3416,194,559,12,202,10493,383,6513,133,24,649,474,5622,1975,5805,40467,3208,0,1951,2147,4469,18183,2,16205,32
May-11,169,32,297,1,181,728,143,3582,190,581,11,218,11236,395,6881,128,25,707,494,5821,2040,5975,43185,3285,0,2016,2198,4600,18043,3,16842,36
Jun-11,162,31,287,1,168,749,165,3490,209,568,10,219,11533,383,6779,125,24,687,480,5547,1977,5802,42018,3226,0,1959,2165,4557,16603,3,16226,36
Jul-11,164,32,286,1,182,774,170,3443,276,562,10,213,13153,395,6944,139,25,717,506,5723,2082,6096,44557,3295,0,2026,2220,4693,14036,2,16599,36
Aug-11,144,32,286,1,238,814,181,3644,179,585,9,216,13776,395,6969,141,25,745,490,5826,2047,6211,46209,3439,0,2044,2246,4681,16310,6,16570,35
Sep-11,173,31,277,1,186,789,177,3419,210,582,9,218,13867,383,7021,137,24,700,496,5575,1970,6024,46147,3405,0,1965,2228,4502,17544,3,15974,35
Oct-11,187,32,286,1,180,822,184,3401,198,615,9,225,15148,395,7369,146,25,735,501,6155,2030,6246,49474,3557,0,2099,2340,4719,17539,4,16559,33
Nov-11,182,31,277,1,176,804,182,3639,95,599,9,217,15258,383,7359,141,24,754,503,5992,1953,6367,49773,3551,0,2063,2269,4643,17794,4,16145,34
Dec-11,185,32,286,1,176,809,177,3407,305,611,8,221,16533,395,7569,144,25,781,516,6165,1985,6439,52360,3640,0,2077,2302,4710,18345,3,16665,34
Jan-12,182,31,332,1,187,803,172,3696,106,629,11,274,16923,433,7864,157,31,775,534,5980,1962,6729,53474,3719,0,2060,2324,4714,18374,4,16649,32
Feb-12,174,29,310,1,192,780,165,3428,649,600,11,238,16140,405,7391,146,29,732,526,5508,1862,6285,51393,3552,0,1990,2204,4524,16885,3,15602,32
Mar-12,180,31,332,1,225,822,188,3652,364,632,11,277,17958,433,7920,152,31,787,561,5974,2054,6798,55792,3929,0,2081,2414,4915,17592,4,16552,32
Apr-12,163,30,321,1,211,805,166,3591,51,626,11,253,18285,419,7855,142,30,751,542,5840,1994,6702,56111,3684,0,2127,2374,4665,16572,4,16227,31
May-12,171,31,332,1,204,847,186,3750,411,632,16,254,19887,433,8372,153,31,753,547,6134,2094,6956,59307,4090,0,2186,2474,4854,16926,3,16719,32
Jun-12,179,30,321,1,205,812,181,3565,242,607,15,266,19867,419,7799,146,30,751,528,5828,2008,6837,58481,3794,0,2040,2438,4663,14790,4,16236,30
Jul-12,189,31,399,1,184,827,184,3645,226,608,16,257,20885,433,8469,147,31,787,529,6134,2043,7336,61923,4034,0,2248,2566,4882,12872,5,16783,30
Aug-12,173,31,399,1,217,837,199,3725,220,635,17,216,21749,433,8911,144,31,826,537,5544,1999,7319,63695,4108,0,2300,2665,4956,12539,5,16777,31
Sep-12,172,30,386,0,191,785,202,3530,242,603,16,243,21785,419,8504,139,30,826,547,5183,1968,7338,62702,4178,0,2259,2638,4812,15062,5,16102,29
Oct-12,181,31,399,1,232,828,248,3858,215,621,18,268,23151,433,9371,143,31,847,561,6388,2074,7781,66741,4776,0,2445,2774,4948,16946,5,16822,30
Nov-12,188,30,386,1,256,809,241,3673,189,603,17,244,22000,419,9073,144,30,837,576,6177,2009,7586,66495,4793,0,2348,2685,4853,16596,6,16182,29
Dec-12,184,31,399,0,269,779,219,3639,280,655,17,233,23734,433,9172,142,31,854,550,6304,2071,7883,69144,5000,0,2410,2654,5022,17248,5,16559,29
Jan-13,187,31,401,1,352,818,226,3956,184,687,19,198,22815,481,9818,150,28,901,567,6168,2063,7879,70444,4840,0,2387,2578,4945,17012,5,16540,27
Feb-13,167,28,362,1,366,726,186,3260,192,625,14,187,21790,435,7975,142,26,809,519,5667,1861,7222,65381,4527,0,2196,2453,4653,15146,5,15002,28
Mar-13,200,31,401,1,466,812,205,4089,197,665,15,209,24280,481,9811,165,28,889,566,6193,2057,8044,74022,5074,0,2479,2775,5384,16527,5,16891,30
Apr-13,120,30,388,1,464,792,201,4002,185,618,16,203,23700,545,10098,154,27,844,552,5921,2032,8346,72727,5053,0,2474,2725,5146,15676,5,16436,29
May-13,169,31,401,1,588,802,196,4065,194,644,18,214,25033,564,10451,149,28,878,554,6209,2077,8704,77401,5157,0,2525,2918,5402,15977,7,16992,27
Jun-13,167,30,388,1,677,755,198,3829,205,617,17,211,24616,545,10276,144,27,831,538,6042,1958,8543,76020,5091,0,2398,2821,5243,14567,6,16340,28
Jul-13,172,31,499,1,777,834,200,3911,201,648,15,222,26942,818,10435,147,28,875,546,6199,2059,8893,80111,5573,0,2553,3038,5247,15282,6,16902,29
Aug-13,197,31,499,1,779,839,205,3990,191,658,18,236,28137,818,11183,158,28,894,567,6182,2055,9011,81159,5857,0,2558,3136,5541,13270,5,16988,28
Sep-13,200,30,483,1,672,782,186,3841,186,646,17,239,27918,791,11020,163,27,850,543,5940,1950,8958,80106,5691,0,2414,3112,5441,15332,4,16421,28
Oct-13,203,31,499,1,649,819,202,4164,196,659,18,275,29175,853,11524,156,28,897,561,5936,2013,9336,83437,6484,0,2492,3247,5544,16136,5,16915,26
Nov-13,197,30,483,0,711,770,198,3845,182,637,17,290,29214,825,10437,163,27,867,542,5837,1936,8583,80861,6456,0,2429,3157,5540,16077,4,16565,27
Dec-13,196,31,499,1,739,791,196,3893,190,678,16,323,28741,853,10784,160,28,875,584,5994,1996,9271,86245,6499,0,2383,3058,5396,16922,4,16935,27
Jan-14,182,30,563,1,677,700,165,4280,197,632,15,303,28986,1019,11815,157,28,800,559,5751,1900,9522,88170,6560,0,2411,3186,5646,16790,4,17137,26
Feb-14,166,27,509,1,661,658,157,3553,187,613,14,287,26526,920,10338,138,25,773,515,5307,1791,8935,81172,6022,0,2228,2980,5162,14427,5,15455,24
Mar-14,190,30,563,1,735,785,197,4077,198,677,16,257,30115,1019,11943,153,28,838,574,6033,1981,10026,91854,7197,0,2453,3350,5942,16432,5,17098,27
Apr-14,189,29,545,1,660,804,183,4067,209,640,25,234,29974,1150,10439,144,27,791,537,5734,1929,9955,91469,7126,0,2428,3380,5886,16102,5,16772,26
May-14,191,30,563,1,734,813,206,4233,208,633,18,233,32061,1188,12627,147,28,836,572,5999,1999,10354,95139,7837,0,2454,3493,6239,16247,4,17423,27
Jun-14,204,29,545,1,733,786,202,3916,213,596,17,232,32574,1150,12272,146,27,805,559,5842,2004,9956,94311,7898,0,2436,3436,6266,14535,4,16746,27
Jul-14,194,30,600,1,807,839,221,4257,229,614,17,238,34367,1362,13263,153,28,801,576,5817,2050,10722,99761,8398,0,2577,3512,6435,13094,6,17330,28
Aug-14,180,30,600,2,899,836,223,4217,219,603,15,248,34931,1362,12820,148,28,787,574,5856,2061,10782,101502,8720,0,2560,3525,6671,12337,6,17575,26
Sep-14,171,29,580,1,1032,821,242,4197,231,591,15,220,35328,1318,13003,149,27,818,570,5710,2049,10163,98565,8349,0,2528,3469,6674,14323,5,17042,26
Oct-14,185,30,600,2,1050,865,249,4437,236,619,16,257,36467,1546,13855,152,28,836,592,5882,2220,11500,104127,9035,0,2613,3583,7184,15504,5,17617,26
Nov-14,183,29,580,1,1135,778,223,4078,205,581,14,279,35440,1496,13251,150,27,849,561,5608,2156,11319,103440,8861,0,2538,3446,6742,15386,4,17085,25
Dec-14,192,30,600,2,1208,863,239,4206,293,620,14,262,37858,1546,13976,160,28,892,586,5917,2256,11828,109821,9635,0,2671,3550,7271,15953,4,17420,27
Jan-15,193,24,569,2,912,794,211,4169,279,602,14,260,36690,1941,13904,158,25,852,560,5842,2194,11408,106571,9869,0,2587,3454,7297,15510,3,17475,25
Feb-15,182,22,572,1,894,664,181,3745,256,537,11,264,32777,1753,12214,141,23,800,492,5258,2013,11019,99410,9167,0,2413,3081,6681,13658,3,15735,22
Mar-15,173,24,629,1,981,755,190,4205,118,589,13,272,36654,1941,14881,150,25,874,546,5590,2251,12997,111975,10343,0,2627,3424,7641,15684,4,17393,24
Apr-15,124,24,600,1,1040,839,194,3815,128,550,13,254,34956,2264,14306,146,24,792,519,5388,2198,12814,106909,10170,0,2462,3252,7530,15296,5,16797,25
May-15,206,24,626,1,1095,816,186,3793,416,565,13,257,37089,2339,14366,142,25,846,531,5635,2261,13230,108632,10577,0,2509,3315,7457,14650,4,17333,24
Jun-15,196,24,581,1,1072,786,183,4075,188,535,12,241,36116,2264,14032,132,24,804,518,5282,2086,12489,103513,10160,0,2356,3088,7082,13397,4,16483,24
Jul-15,194,24,609,1,1046,816,177,3886,278,545,13,232,37216,2328,13869,135,25,812,524,5329,2097,12580,106610,10680,0,2380,3142,7292,13940,5,16879,25
Aug-15,196,24,573,1,998,809,190,3760,225,547,13,283,36614,2328,13747,138,25,794,520,5358,2044,12882,105550,10869,3,2339,3089,7254,12642,4,16942,24
Sep-15,182,24,561,1,913,820,183,3608,235,522,12,238,34661,2253,13598,131,24,795,513,5496,1966,12470,102162,10255,7,2236,2870,7020,14172,3,16376,22
Oct-15,191,24,585,1,886,832,184,3635,309,537,13,219,36136,2457,14123,133,25,807,516,5380,2012,12640,105035,10737,7,2265,2900,7215,15407,2,16829,23
Nov-15,184,24,575,1,790,760,163,3192,74,513,11,196,35229,2378,13246,128,24,758,492,5078,1897,12428,101541,10273,6,2171,2716,6933,15685,0,16336,23
Dec-15,187,24,608,1,944,828,176,3598,357,518,12,194,35498,2457,14180,129,25,760,499,5190,1902,11139,102846,10317,7,2212,2805,7069,16190,1,16705,23
Jan-16,180,19,562,1,690,693,142,3373,232,497,11,198,34548,2134,14108,129,22,750,487,4880,1872,11737,103460,10329,9,2128,2717,6745,15985,1,16665,22
Feb-16,162,18,511,1,628,697,133,3179,117,463,10,171,32252,1996,11826,118,20,671,458,4701,1716,11794,95648,9487,13,1972,2445,6136,14713,1,15371,22
Mar-16,173,19,560,1,623,786,160,3479,252,478,11,190,34222,2134,13283,122,22,691,470,5030,1771,12591,100881,9908,25,2072,2547,6526,15842,1,16349,23
Apr-16,159,18,586,1,605,723,149,3067,167,454,10,197,31054,1870,12473,115,21,652,469,4888,1720,12145,96487,9507,24,1950,2500,6197,14665,1,15517,22
May-16,163,19,573,1,642,727,152,3274,102,476,10,199,32247,1933,13416,123,22,686,461,4959,1774,12182,98012,9669,26,1994,2553,6106,15658,0,15726,23
Jun-16,158,18,492,1,620,747,159,3236,324,466,10,185,30595,1870,12780,115,21,658,453,4678,1674,11678,94113,9287,25,1909,2389,5794,14103,0,14511,24
Jul-16,151,19,506,0,681,692,150,3131,266,472,9,189,31724,1701,12838,118,22,670,450,4871,1714,12146,97241,9967,23,1935,2493,6020,13584,0,15673,24
Aug-16,163,19,509,1,691,742,158,3139,164,473,10,190,30264,1701,13027,118,22,668,465,4653,1680,12167,97201,10044,10,1887,2565,5839,14265,0,15715,24
Sep-16,153,18,480,1,589,708,154,3023,169,455,10,184,28967,1646,12462,113,21,658,453,4628,1594,12019,93625,9743,15,1826,2480,5606,13598,0,15161,24
Oct-16,160,19,488,0,621,713,151,3102,137,479,11,206,32144,1555,13189,113,22,680,454,4835,1635,12655,97781,11150,13,1891,2624,5993,15383,1,15534,24
Nov-16,159,18,499,0,620,688,150,2983,297,459,10,192,30797,1504,12899,113,21,656,443,4447,1590,12485,94885,9605,15,1836,2551,5853,15433,1,14964,22
Dec-16,154,19,507,0,625,721,159,2958,369,467,10,187,28995,1555,12928,108,22,666,455,4504,1647,13035,98034,10399,16,1777,2664,5851,16148,1,14894,23
Jan-17,162,16,489,1,719,687,154,3002,150,464,10,189,30266,1704,12642,110,23,631,447,4463,1573,13001,98917,9185,12,1778,2663,5744,16055,1,15016,23
Feb-17,143,14,422,1,673,658,140,2889,120,421,9,180,28712,1539,11968,104,21,569,416,4156,1409,12390,92455,8313,11,1646,2484,5299,14434,1,13873,21
Mar-17,176,16,481,1,695,727,157,3076,255,451,11,191,31505,1704,13691,115,23,621,460,4690,1576,13702,102722,10224,11,1795,2834,6306,16300,1,14878,25
Apr-17,169,15,495,1,680,676,155,2976,346,454,10,181,31207,1619,12932,113,22,578,440,4485,1516,13092,99602,10471,11,1724,2725,6132,15759,1,14406,22
May-17,176,16,496,1,743,684,142,3104,147,470,10,185,31839,1673,13427,105,23,595,451,4509,1545,14328,105351,11089,8,1796,2931,6276,15734,1,14823,25
Jun-17,157,15,464,0,746,699,150,3043,215,457,10,185,30681,1619,13626,107,22,565,434,4247,1411,13293,102902,10728,7,1735,2923,6061,13843,1,14239,24
Jul-17,172,16,621,0,741,673,145,2983,124,479,10,133,32255,1713,13888,109,23,559,450,4401,1469,13852,107122,11553,7,1757,2931,6351,13102,1,14614,27
Aug-17,170,16,592,1,786,720,156,3080,333,478,10,179,33438,1713,14311,111,23,559,446,4370,1499,14236,104084,12272,6,1774,3058,6436,13971,1,14569,25
Sep-17,135,15,569,0,726,692,142,2837,212,458,9,172,32884,1658,13928,107,22,539,431,4180,1460,15013,106306,12521,5,1691,2947,6467,14465,1,14139,23
Oct-17,153,16,686,0,704,696,149,2999,14,487,9,177,36310,1708,15049,112,23,545,446,4184,1471,16201,116117,13079,4,1715,3045,6848,15705,2,14607,24
Nov-17,148,15,636,1,718,701,146,2984,243,451,9,173,35482,1653,15130,107,22,533,431,4270,1427,15843,116269,13067,4,1643,2929,6788,15297,1,14095,24
Dec-17,163,16,611,1,697,701,143,2851,317,452,9,181,36084,1708,15363,104,23,532,437,4357,1427,17203,121712,13945,4,1663,2969,6997,15883,1,14144,22
Jan-18,163,19,531,0,828,599,120,2931,63,456,4,162,36057,1607,16306,110,18,513,425,3856,1407,16745,120481,13501,5,1697,3130,6905,15739,1,14367,23
Feb-18,148,17,514,1,699,620,135,2684,124,413,7,159,32501,1451,14688,102,16,478,390,3774,1352,16319,112361,11930,6,1553,2877,6284,14367,1,12971,21
Mar-18,168,19,555,0,841,714,141,3041,369,440,9,180,35552,1607,17093,109,18,534,426,4153,1471,19168,129418,13374,8,1685,3320,7242,15878,1,14310,21
Apr-18,137,18,563,0,795,672,129,2889,106,434,8,168,36283,1720,15978,105,17,513,421,3997,1405,19306,126679,13418,13,1703,2999,7031,14922,1,13937,21
May-18,147,19,587,0,821,737,158,3086,206,463,9,176,38133,1778,16466,108,18,504,437,4233,1449,20020,131051,13771,13,1811,2941,7187,15367,1,14392,21
Jun-18,157,18,542,0,828,694,143,2927,276,467,8,171,36475,1720,15214,104,17,482,419,4035,1392,19439,130690,12717,13,1764,2796,6923,13521,1,13854,19
Jul-18,164,19,554,0,944,735,142,2957,116,481,8,183,39002,2138,16431,105,18,493,421,4109,1428,20364,136649,13514,10,1796,3101,7291,12237,1,14281,19
Aug-18,118,19,540,1,1093,763,150,3008,174,472,9,181,39648,2138,17814,108,18,491,425,4111,1427,22058,141487,15134,6,1918,3199,7778,13259,1,14303,20
Sep-18,156,18,555,0,1128,691,131,2787,307,449,9,172,40279,2069,16263,107,17,471,415,3869,1368,22044,140073,15172,3,1862,3255,7781,14144,1,13954,22
Oct-18,165,19,588,0,1285,744,147,2879,63,463,9,173,42675,2207,17532,108,18,479,419,4080,1447,24083,145299,16197,3,1894,3262,7781,15083,1,14419,24
Nov-18,159,18,497,1,1125,732,146,2768,196,442,8,168,40874,2135,17231,104,17,460,405,3890,1399,23847,144018,16077,5,1913,3140,7623,14919,1,13981,22
Dec-18,158,19,450,1,1231,719,141,2757,265,454,8,163,42959,2207,18541,103,18,463,403,3994,1408,25485,150720,16552,3,1954,3098,8119,15366,1,14396,23
Jan-19,154,23,579,0,1255,687,139,2807,179,425,7,163,42947,1959,17912,104,21,454,405,3930,1450,25046,148735,15900,3,1923,3116,8107,15383,1,14172,23
Feb-19,137,21,438,0,1065,586,120,2486,143,389,7,142,36950,1823,15942,95,16,417,364,3573,1316,23169,136425,14154,2,1645,2870,7382,13653,0,12768,21
Mar-19,143,23,509,1,1034,699,139,2838,289,435,8,156,42676,2151,18086,103,17,430,399,3991,1444,26699,150744,14906,2,1881,3184,8183,14913,0,14002,20
Apr-19,134,23,607,0,1115,698,132,2815,49,428,8,164,41212,1965,18401,98,18,410,387,3804,1400,26046,148643,14966,2,2046,3154,8258,14264,1,13538,21
May-19,135,23,598,0,1194,713,103,2790,220,446,8,164,42667,2184,18820,97,16,412,407,3910,1432,27639,154747,15914,2,2080,3260,8627,14708,0,13989,25
Jun-19,143,23,498,0,1334,606,118,2908,312,414,7,159,42215,2300,16345,95,16,380,386,3784,1385,26425,149320,15562,2,1912,3118,8087,13643,1,13260,23
Jul-19,140,23,500,0,1544,713,136,2909,141,421,8,165,44294,2623,17354,97,15,391,403,3588,1417,27082,157477,15791,2,1857,3118,8669,13903,1,13709,22
Aug-19,141,23,553,1,1586,713,135,2740,195,435,7,165,45329,2796,17448,98,16,398,405,3949,1413,28243,159339,16190,2,1849,3097,8637,11834,1,13611,23
Sep-19,140,23,572,1,1598,703,135,2733,209,423,7,160,42788,2651,18106,93,14,381,407,3867,1382,29119,155728,15494,1,1804,2948,8745,13482,1,13200,22
Oct-19,147,23,587,0,1809,704,141,2781,192,462,7,160,46445,2653,18643,96,19,393,362,3883,1431,29594,163072,17234,2,1971,3051,9118,14718,1,13362,24
Nov-19,142,23,546,1,1656,686,137,2594,145,397,6,156,45571,2337,17325,96,16,393,344,3791,1398,29850,159819,16904,1,2005,2807,8928,14523,1,12749,22
Dec-19,148,23,570,0,1608,736,144,2792,430,418,6,158,45780,2596,17427,96,18,400,342,3852,1411,30571,166665,16692,0,1994,2970,9363,14922,1,13123,23
Jan-20,150,23,578,0,1662,741,137,2733,109,437,7,161,43371,2393,16425,96,20,392,394,3665,1401,32823,167659,16117,0,1918,3039,8933,14956,1,13194,22
Feb-20,139,22,519,0,1553,634,123,2554,345,387,6,151,41378,2015,16214,89,13,364,382,3331,1304,31736,155408,14621,0,1736,2810,8045,13823,1,12370,1
Mar-20,147,23,471,0,1545,665,115,2682,103,414,8,155,43706,2184,17013,91,14,378,415,3489,1341,34444,168542,15254,0,1943,3042,8769,14556,0,13061,19
Apr-20,114,23,428,0,1269,462,95,2272,190,281,11,107,36504,1796,14764,78,6,363,310,2991,1112,31638,155234,14828,0,1611,2460,7306,13881,0,12403,22
May-20,35,23,449,0,1311,340,62,2029,217,128,5,57,26788,1852,11141,76,6,181,283,2345,784,27593,136508,14596,0,1263,2205,5099,12528,0,12282,15
Jun-20,69,23,384,0,1491,637,142,2162,88,301,7,137,26158,2123,13780,80,13,277,344,2708,1143,28370,139026,13513,0,1410,2335,6666,10829,0,11752,17
Jul-20,122,23,377,0,1446,656,127,2270,169,412,6,153,31868,2291,14764,106,15,363,348,3149,1197,30324,146957,13977,0,1643,2710,7418,13764,0,12015,16
Aug-20,122,23,428,0,1615,620,123,2291,225,384,5,161,35711,2070,14239,87,15,380,326,2645,1197,31163,145562,13804,0,1586,2778,7588,13751,0,11790,20
Sep-20,108,23,471,0,1707,595,117,2219,183,394,5,154,36229,1934,13302,85,14,334,342,2528,1169,30849,139189,12551,0,1534,2594,7404,13252,0,11362,18
Oct-20,113,23,461,0,1760,611,119,2249,280,378,6,152,37644,1802,13018,85,13,379,349,2441,1184,33786,144015,12247,0,1561,2572,7386,14240,0,11589,16
Nov-20,117,23,409,0,1632,566,114,2188,78,351,5,151,36169,1628,13479,84,15,324,343,2594,1146,33284,139581,11717,0,1463,2603,7099,13919,0,11105,17
Dec-20,127,23,463,0,1698,623,122,2242,279,376,5,152,36194,1733,13413,94,22,337,354,2890,1148,33075,143192,11775,0,1487,2654,7364,14352,0,11428,16
