Commodity,State,Year,production,domestic_consumption
Electricity,AK,2019,6070843,5818805
Electricity,AL,2019,142679433,88095112
Electricity,AR,2019,64442898,48093032
Electricity,AZ,2019,113551987,77929170
Electricity,CA,2019,201784204,250378710
Electricity,CO,2019,56337734,56520823
Electricity,CT,2019,40050038,27899996
Electricity,DC,2019,174080,11028403
Electricity,DE,2019,5258538,11469422
Electricity,FL,2019,245603485,240347955
Electricity,GA,2019,128691569,139300990
Electricity,HI,2019,9749998,9452887
Electricity,IA,2019,62649563,51043148
Electricity,ID,2019,18407812,23985275
Electricity,IL,2019,184470052,138319481
Electricity,IN,2019,102505381,102104203
Electricity,KS,2019,50887992,41159628
Electricity,KY,2019,71804254,75345382
Electricity,LA,2019,100174762,93128525
Electricity,MA,2019,21515636,51336598
Electricity,MD,2019,39325595,60720658
Electricity,ME,2019,10490562,11732040
Electricity,MI,2019,116701488,101249293
Electricity,MN,2019,59379390,66965594
Electricity,MO,2019,78278751,78857775
Electricity,MS,2019,65958760,48951026
Electricity,MT,2019,27797079,15321271
Electricity,NC,2019,131173861,136435531
Electricity,ND,2019,41147324,21559255
Electricity,NE,2019,37297615,30383190
Electricity,NH,2019,18026595,10711657
Electricity,NJ,2019,71018774,73916704
Electricity,NM,2019,35174510,24880134
Electricity,NV,2019,39889660,36982386
Electricity,NY,2019,131603289,145600345
Electricity,OH,2019,120001126,148521920
Electricity,OK,2019,85216501,64795946
Electricity,OR,2019,62258378,50404386
Electricity,PA,2019,228995331,145580383
Electricity,RI,2019,7624403,7349915
Electricity,SC,2019,100107504,80205620
Electricity,SD,2019,14506647,12868931
Electricity,TN,2019,82327109,99829100
Electricity,TX,2019,483201031,429343404
Electricity,UT,2019,39117033,31142565
Electricity,VA,2019,96827639,118435380
Electricity,VT,2019,2289798,5427664
Electricity,WA,2019,106463608,91052796
Electricity,WI,2019,62774299,69157540
Electricity,WV,2019,63925639,33247013
Electricity,WY,2019,42145656,16763496
Electricity,AK,2018,6247359,5972467
Electricity,AL,2018,145057994,90280456
Electricity,AR,2018,67999352,49602708
Electricity,AZ,2018,111925144,78346302
Electricity,CA,2018,195465638,255224272
Electricity,CO,2018,55386279,56450480
Electricity,CT,2018,39453552,28833925
Electricity,DC,2018,79331,11357910
Electricity,DE,2018,6240644,11773100
Electricity,FL,2018,244252035,238565391
Electricity,GA,2018,129239371,139866074
Electricity,HI,2018,9796773,9337161
Electricity,IA,2018,63380569,51210655
Electricity,ID,2018,18172120,23753508
Electricity,IL,2018,188003357,142654808
Electricity,IN,2018,113459711,104194376
Electricity,KS,2018,51710213,42036979
Electricity,KY,2018,78804497,76610636
Electricity,LA,2018,102128485,94186072
Electricity,MA,2018,27172882,53285029
Electricity,MD,2018,43809648,62086455
Electricity,ME,2018,11280700,12354819
Electricity,MI,2018,115837095,104869496
Electricity,MN,2018,61517441,68708382
Electricity,MO,2018,85095384,82055835
Electricity,MS,2018,63473771,50390068
Electricity,MT,2018,28212831,14838845
Electricity,NC,2018,134249497,138287404
Electricity,ND,2018,42615321,20669506
Electricity,NE,2018,36966216,30939492
Electricity,NH,2018,17087156,11046284
Electricity,NJ,2018,75033600,76016762
Electricity,NM,2018,32673682,24048611
Electricity,NV,2018,39640241,37780263
Electricity,NY,2018,132520501,149929851
Electricity,OH,2018,126184610,152915167
Electricity,OK,2018,86223721,64575316
Electricity,OR,2018,64113560,49325904
Electricity,PA,2018,215385830,148976731
Electricity,RI,2018,8375257,7583339
Electricity,SC,2018,99364088,81641138
Electricity,SD,2018,12616396,12856938
Electricity,TN,2018,81554917,102911183
Electricity,TX,2018,477352425,424418628
Electricity,UT,2018,39375424,31242408
Electricity,VA,2018,95509121,118166348
Electricity,VT,2018,2178915,5530948
Electricity,WA,2018,116756729,90005791
Electricity,WI,2018,65936803,70959549
Electricity,WV,2018,67249025,33646813
Electricity,WY,2018,46112136,16864678
Electricity,AK,2017,6497466,6185799
Electricity,AL,2017,139964250,86241730
Electricity,AR,2017,60775216,46085951
Electricity,AZ,2017,105851765,77646262
Electricity,CA,2017,206146520,257267937
Electricity,CO,2017,53844002,54830186
Electricity,CT,2017,34562654,28135530
Electricity,DC,2017,66871,10916446
Electricity,DE,2017,7495976,11128603
Electricity,FL,2017,238413437,233154549
Electricity,GA,2017,127455314,133456620
Electricity,HI,2017,9812968,9324201
Electricity,IA,2017,57909566,48921997
Electricity,ID,2017,17396024,23793790
Electricity,IL,2017,183591571,137196310
Electricity,IN,2017,98929818,98965968
Electricity,KS,2017,50933296,40287787
Electricity,KY,2017,73179196,72634387
Electricity,LA,2017,97719213,91205935
Electricity,MA,2017,32204115,52513321
Electricity,MD,2017,34104080,59303885
Electricity,ME,2017,11264280,11213674
Electricity,MI,2017,112313501,101899093
Electricity,MN,2017,58748831,67152580
Electricity,MO,2017,84606731,76461419
Electricity,MS,2017,59727637,47828787
Electricity,MT,2017,28220946,14709656
Electricity,NC,2017,128468117,131421319
Electricity,ND,2017,41505074,20140426
Electricity,NE,2017,35406982,30359007
Electricity,NH,2017,17446841,10787261
Electricity,NJ,2017,75644513,73382940
Electricity,NM,2017,33597413,23009584
Electricity,NV,2017,38201294,36657786
Electricity,NY,2017,128065082,144992433
Electricity,OH,2017,119554366,146643831
Electricity,OK,2017,73731654,60492128
Electricity,OR,2017,62713747,50043816
Electricity,PA,2017,213639299,142990896
Electricity,RI,2017,7614941,7384671
Electricity,SC,2017,93080939,78096757
Electricity,SD,2017,10935719,12313675
Electricity,TN,2017,79046222,97239885
Electricity,TX,2017,452794365,401880374
Electricity,UT,2017,37411876,30589021
Electricity,VA,2017,90417149,111529732
Electricity,VT,2017,2141388,5423662
Electricity,WA,2017,115912078,91948172
Electricity,WI,2017,65107333,69079109
Electricity,WV,2017,73357080,31709019
Electricity,WY,2017,46741846,16778067
Electricity,AK,2016,6335034,6123202
Electricity,AL,2016,142385098,88225141
Electricity,AR,2016,60445059,46188438
Electricity,AZ,2016,108763449,78237828
Electricity,CA,2016,196963215,256846635
Electricity,CO,2016,54418480,54802037
Electricity,CT,2016,36496560,28931087
Electricity,DC,2016,76474,11394003
Electricity,DE,2016,8731261,11258438
Electricity,FL,2016,238262150,235721822
Electricity,GA,2016,133380416,138112239
Electricity,HI,2016,9948845,9445389
Electricity,IA,2016,54392507,48431193
Electricity,ID,2016,15660938,23062961
Electricity,IL,2016,187289131,141050409
Electricity,IN,2016,101759059,103704821
Electricity,KS,2016,47599991,40810174
Electricity,KY,2016,80273501,74553575
Electricity,LA,2016,107268804,91452659
Electricity,MA,2016,31955022,53475888
Electricity,MD,2016,37166687,61353911
Electricity,ME,2016,11514427,11448951
Electricity,MI,2016,112121790,104467813
Electricity,MN,2016,59478753,66546492
Electricity,MO,2016,78611513,78618056
Electricity,MS,2016,62881295,49050164
Electricity,MT,2016,27783529,14100601
Electricity,NC,2016,130779157,134404319
Electricity,ND,2016,37856452,18520188
Electricity,NE,2016,36524869,30199354
Electricity,NH,2016,19282493,10904956
Electricity,NJ,2016,77611403,75359371
Electricity,NM,2016,32912045,23039547
Electricity,NV,2016,39787005,36144630
Electricity,NY,2016,134417107,147803038
Electricity,OH,2016,118922078,150597796
Electricity,OK,2016,78655007,61516554
Electricity,OR,2016,60182013,47349350
Electricity,PA,2016,215066509,145327683
Electricity,RI,2016,6564885,7524270
Electricity,SC,2016,96985764,79577550
Electricity,SD,2016,11524184,12129530
Electricity,TN,2016,79340633,100758439
Electricity,TX,2016,454047591,398661809
Electricity,UT,2016,38133928,30179534
Electricity,VA,2016,92554876,112280665
Electricity,VT,2016,1911207,5516450
Electricity,WA,2016,114086582,88885316
Electricity,WI,2016,64966611,69736338
Electricity,WV,2016,75942968,32076146
Electricity,WY,2016,46656630,16554870
Electricity,AK,2015,6284937,6159204
Electricity,AL,2015,152477427,88845543
Electricity,AR,2015,55559428,46465154
Electricity,AZ,2015,113142048,77349416
Electricity,CA,2015,196703858,261170437
Electricity,CO,2015,52393077,54116046
Electricity,CT,2015,37470622,29476155
Electricity,DC,2015,53750,11291233
Electricity,DE,2015,7810006,11498205
Electricity,FL,2015,237412633,235599398
Electricity,GA,2015,128817898,135878215
Electricity,HI,2015,10119500,9511352
Electricity,IA,2015,56658918,47147293
Electricity,ID,2015,15667095,23058814
Electricity,IL,2015,193952040,138619970
Electricity,IN,2015,104019275,104514518
Electricity,KS,2015,45527124,39849127
Electricity,KY,2015,83543671,76038630
Electricity,LA,2015,107812354,91676489
Electricity,MA,2015,32085969,54621088
Electricity,MD,2015,36365544,61781719
Electricity,ME,2015,11741265,11888168
Electricity,MI,2015,113008050,102479921
Electricity,MN,2015,56979768,66579234
Electricity,MO,2015,83640067,81504081
Electricity,MS,2015,64757864,48691529
Electricity,MT,2015,29302401,14206911
Electricity,NC,2015,128388445,133847523
Electricity,ND,2015,37156612,18128948
Electricity,NE,2015,39883391,29495073
Electricity,NH,2015,20015893,10999149
Electricity,NJ,2015,74608860,75489623
Electricity,NM,2015,32701398,23093553
Electricity,NV,2015,39046784,36019690
Electricity,NY,2015,138627721,148913655
Electricity,OH,2015,121893401,149213224
Electricity,OK,2015,76135596,61336385
Electricity,OR,2015,57866535,47263974
Electricity,PA,2015,214572291,146344028
Electricity,RI,2015,6939019,7664718
Electricity,SC,2015,96532213,81328246
Electricity,SD,2015,9633033,12101979
Electricity,TN,2015,75214636,99632108
Electricity,TX,2015,449826336,392337354
Electricity,UT,2015,41949120,30192350
Electricity,VA,2015,84411592,112009045
Electricity,VT,2015,1982047,5521109
Electricity,WA,2015,109287458,90116086
Electricity,WI,2015,66360183,68698932
Electricity,WV,2015,72295269,32303026
Electricity,WY,2015,48966519,16924762
Electricity,AK,2014,6042829.63,6164812
Electricity,AL,2014,149340447.1,90493727
Electricity,AR,2014,61592136.66,47080301
Electricity,AZ,2014,112257187.5,76297685
Electricity,CA,2014,198807621.8,262584786
Electricity,CO,2014,53847385.91,53396521
Electricity,CT,2014,33676980.41,29354460
Electricity,DC,2014,67612.16,11193589
Electricity,DE,2014,7703583.52,11338477
Electricity,FL,2014,230015937.3,226078111
Electricity,GA,2014,125837223.5,135789932
Electricity,HI,2014,10204158.25,9475452
Electricity,IA,2014,56853282.47,47201853
Electricity,ID,2014,15184416.5,23233284
Electricity,IL,2014,202143878,141540287
Electricity,IN,2014,115395391.8,106942504
Electricity,KS,2014,49728363.11,40561606
Electricity,KY,2014,90896435.07,78838924
Electricity,LA,2014,104229401.6,90628316
Electricity,MA,2014,31118591.32,54469292
Electricity,MD,2014,37833652.42,61683869
Electricity,ME,2014,13248709.89,12002661
Electricity,MI,2014,106816991,103314098
Electricity,MN,2014,56998329.96,68719367
Electricity,MO,2014,87834468.21,83878397
Electricity,MS,2014,55127091.66,49408631
Electricity,MT,2014,30257616.08,14102392
Electricity,NC,2014,128143588.1,133132776
Electricity,ND,2014,36462507.67,18239732
Electricity,NE,2014,39431290.74,30222168
Electricity,NH,2014,19538394.98,10944081
Electricity,NJ,2014,68051085.85,73866078
Electricity,NM,2014,32306209.87,23115222
Electricity,NV,2014,36000537,35075606
Electricity,NY,2014,137122202.1,147371913
Electricity,OH,2014,134476405,150679713
Electricity,OK,2014,70155504.3,61573374
Electricity,OR,2014,60119907.2,47334953
Electricity,PA,2014,221058365.5,146687698
Electricity,RI,2014,6281748.22,7643104
Electricity,SC,2014,97158464.93,81619765
Electricity,SD,2014,10995239.76,12354726
Electricity,TN,2014,79506886.48,100219230
Electricity,TX,2014,437629667.9,389669820
Electricity,UT,2014,43784525.88,30043019
Electricity,VA,2014,77137438.41,112098381
Electricity,VT,2014,7031393.97,5569861
Electricity,WA,2014,116334362.5,92140777
Electricity,WI,2014,61064795.68,69494755
Electricity,WV,2014,81059576.67,32696106
Electricity,WY,2014,49696183.36,17134075
Electricity,AK,2013,6496821.64,6268212
Electricity,AL,2013,150572923.9,87852107
Electricity,AR,2013,60322492.14,46683034
Electricity,AZ,2013,113325986.1,75662037
Electricity,CA,2013,200077114.6,261332459
Electricity,CO,2013,52937435.91,53441649
Electricity,CT,2013,35610789.32,29824516
Electricity,DC,2013,65852.08,11085519
Electricity,DE,2013,7760861,11347856
Electricity,FL,2013,222398924,221919514
Electricity,GA,2013,120953734.3,130497470
Electricity,HI,2013,10267052.27,9503164
Electricity,IA,2013,56670756.92,46705216
Electricity,ID,2013,15186128.21,24208056
Electricity,IL,2013,203004919.5,141804888
Electricity,IN,2013,110403477.1,105487389
Electricity,KS,2013,48472581.3,39847397
Electricity,KY,2013,89741021.22,84763842
Electricity,LA,2013,102010177,85807932
Electricity,MA,2013,32885020.68,55265074
Electricity,MD,2013,35850812.33,61899478
Electricity,ME,2013,14030037.61,11855047
Electricity,MI,2013,105417800.6,103038305
Electricity,MN,2013,51296987.61,68644103
Electricity,MO,2013,91626592.93,83406957
Electricity,MS,2013,52810263.89,48781990
Electricity,MT,2013,27687326.31,14045174
Electricity,NC,2013,125936293.4,129779905
Electricity,ND,2013,35021672.73,16032967
Electricity,NE,2013,37104627.77,30700605
Electricity,NH,2013,19778520.45,11043276
Electricity,NJ,2013,64750941.71,74642399
Electricity,NM,2013,35870965.18,23065026
Electricity,NV,2013,36443873.59,35211215
Electricity,NY,2013,136116830,147895127
Electricity,OH,2013,137284188.7,150307018
Electricity,OK,2013,73673680.26,59929172
Electricity,OR,2013,59895514.66,47640978
Electricity,PA,2013,226785630.5,146253763
Electricity,RI,2013,6246806.72,7781122
Electricity,SC,2013,95249893.97,78602094
Electricity,SD,2013,10108886.5,12209799
Electricity,TN,2013,79651619.43,96944013
Electricity,TX,2013,433380165.7,378817254
Electricity,UT,2013,42516750.82,30474034
Electricity,VA,2013,76896565.06,110511827
Electricity,VT,2013,6884910,5587712
Electricity,WA,2013,114172916.2,92882723
Electricity,WI,2013,65962791.79,69124043
Electricity,WV,2013,75863066.64,31399850
Electricity,WY,2013,52483065.4,17053514
Electricity,AK,2012,6946419,6416411
Electricity,AL,2012,152878688,86182548
Electricity,AR,2012,65005678,46859567
Electricity,AZ,2012,110904994,75063343
Electricity,CA,2012,199518567,259538038
Electricity,CO,2012,52556701,53685297
Electricity,CT,2012,36117544,29492338
Electricity,DC,2012,71787,11258845
Electricity,DE,2012,8633694,11519331
Electricity,FL,2012,221096136,220674333
Electricity,GA,2012,122306364,130978872
Electricity,HI,2012,10469269,9639157
Electricity,IA,2012,56675406,45709100
Electricity,ID,2012,15499089,23711859
Electricity,IL,2012,197565362,143540004
Electricity,IN,2012,114695729,105173425
Electricity,KS,2012,44424691,40293476
Electricity,KY,2012,89949689,89048490
Electricity,LA,2012,103407706,84730743
Electricity,MA,2012,35578421,55313324
Electricity,MD,2012,37809744,61813552
Electricity,ME,2012,15048296,11561059
Electricity,MI,2012,108158050,104818191
Electricity,MN,2012,52754433,67988535
Electricity,MO,2012,91804321,82435359
Electricity,MS,2012,54584295,48387675
Electricity,MT,2012,27804782,13863383
Electricity,NC,2012,116681763,128084893
Electricity,ND,2012,36125159,14716956
Electricity,NE,2012,34217292,30827939
Electricity,NH,2012,19222319,10870261
Electricity,NJ,2012,65263408,75052914
Electricity,NM,2012,36635909,23178568
Electricity,NV,2012,35173263,35179918
Electricity,NY,2012,135768244,143162668
Electricity,OH,2012,129745731,152456864
Electricity,OK,2012,77896588,59340624
Electricity,OR,2012,60932730,46688856
Electricity,PA,2012,223419715,144709727
Electricity,RI,2012,8309036,7708334
Electricity,SC,2012,96755682,77780953
Electricity,SD,2012,11473397,11734210
Electricity,TN,2012,77724264,96381472
Electricity,TX,2012,429812510,365104131
Electricity,UT,2012,39402961,29723368
Electricity,VA,2012,70739235,107794985
Electricity,VT,2012,6611786,5510764
Electricity,WA,2012,116835473,92336441
Electricity,WI,2012,63750938,68820090
Electricity,WV,2012,73413405,30817241
Electricity,WY,2012,49588606,16971354
Electricity,AK,2011,6871032.79,6319540
Electricity,AL,2011,156339209.8,88995369
Electricity,AR,2011,61307535.89,47927829
Electricity,AZ,2011,108125356.9,74943645
Electricity,CA,2011,200804842.5,261941700
Electricity,CO,2011,51432554.29,53458285
Electricity,CT,2011,33745220.61,29858993
Electricity,DC,2011,200873.96,11562055
Electricity,DE,2011,6590194.8,11483296
Electricity,FL,2011,221894574.1,225090422
Electricity,GA,2011,124749341.2,136371149
Electricity,HI,2011,10723332.91,9961653
Electricity,IA,2011,56371912.65,45654877
Electricity,ID,2011,16568785.9,23271724
Electricity,IL,2011,199499728,142885567
Electricity,IN,2011,122131414,105818139
Electricity,KS,2011,45359840.12,40760399
Electricity,KY,2011,98350982.18,89538341
Electricity,LA,2011,105490737,86369081
Electricity,MA,2011,38054820.51,55569912
Electricity,MD,2011,41818068.19,63599711
Electricity,ME,2011,15973688.06,11415345
Electricity,MI,2011,109169506.9,105053558
Electricity,MN,2011,53120061.49,68532708
Electricity,MO,2011,94876396.7,84254841
Electricity,MS,2011,51570942.64,49337557
Electricity,MT,2011,30128542.57,13788081
Electricity,NC,2011,118389854.9,131084933
Electricity,ND,2011,35079900.1,13737016
Electricity,NE,2011,36095051,29676084
Electricity,NH,2011,20065941,10868607
Electricity,NJ,2011,64694095.97,76859762
Electricity,NM,2011,38181139.3,23041665
Electricity,NV,2011,31935917.91,33916479
Electricity,NY,2011,137480347,144046609
Electricity,OH,2011,135585804.5,154746310
Electricity,OK,2011,74605713.61,59846794
Electricity,OR,2011,59695164.13,47171446
Electricity,PA,2011,227314722.4,148757238
Electricity,RI,2011,8722272.55,7732420
Electricity,SC,2011,102972567.2,80488546
Electricity,SD,2011,11998885.5,11679600
Electricity,TN,2011,81103862.22,100733329
Electricity,TX,2011,435476923.6,376065116
Electricity,UT,2011,40836150.01,28858946
Electricity,VA,2011,66670859.07,110228265
Electricity,VT,2011,6776218.81,5550184
Electricity,WA,2011,115262600.8,93724917
Electricity,WI,2011,63289343.77,68611622
Electricity,WV,2011,78999623.54,31238753
Electricity,WY,2011,47638470.83,17417762
Electricity,AK,2010,6759576,6247038
Electricity,AL,2010,152150512,90862645
Electricity,AR,2010,61000185,48194285
Electricity,AZ,2010,111750957,72833030
Electricity,CA,2010,204125596,258530892
Electricity,CO,2010,50720792,52917786
Electricity,CT,2010,33349623,30391766
Electricity,DC,2010,199858,11876995
Electricity,DE,2010,5627645,11605932
Electricity,FL,2010,229095935,231209614
Electricity,GA,2010,137576941,140671580
Electricity,HI,2010,10836036,10016509
Electricity,IA,2010,57508721,45445269
Electricity,ID,2010,12024564,22797668
Electricity,IL,2010,201351872,144760674
Electricity,IN,2010,125180739,105994376
Electricity,KS,2010,47923762,40420675
Electricity,KY,2010,98217658,93569426
Electricity,LA,2010,102884940,85079692
Electricity,MA,2010,42804824,57123422
Electricity,MD,2010,43607264,65335498
Electricity,ME,2010,17018660,11531568
Electricity,MI,2010,111551371,103649219
Electricity,MN,2010,53670227,67799706
Electricity,MO,2010,92312989,86085117
Electricity,MS,2010,54487260,49687166
Electricity,MT,2010,29791181,13771453
Electricity,NC,2010,128678483,136414947
Electricity,ND,2010,34739542,12956263
Electricity,NE,2010,36630006,29849460
Electricity,NH,2010,22195912,10890074
Electricity,NJ,2010,65682494,79179427
Electricity,NM,2010,36251542,22428344
Electricity,NV,2010,35146248,33772595
Electricity,NY,2010,136961654,144623573
Electricity,OH,2010,143598337,154145418
Electricity,OK,2010,72250733,57845980
Electricity,OR,2010,55126999,46025945
Electricity,PA,2010,229752306,148963968
Electricity,RI,2010,7738719,7799227
Electricity,SC,2010,104153133,82479293
Electricity,SD,2010,10049636,11356149
Electricity,TN,2010,82348625,103521537
Electricity,TX,2010,411695046,358457550
Electricity,UT,2010,42249355,28044001
Electricity,VA,2010,72966456,113806135
Electricity,VT,2010,6619990,5594833
Electricity,WA,2010,103472729,90379970
Electricity,WI,2010,64314067,68752417
Electricity,WV,2010,80788947,32031803
Electricity,WY,2010,48119254,17113458
Electricity,AK,2009,6702159,6270171
Electricity,AL,2009,143255556,82844602
Electricity,AR,2009,57457739,43173104
Electricity,AZ,2009,111971250,73432929
Electricity,CA,2009,204776132,259583676
Electricity,CO,2009,50565952,51035906
Electricity,CT,2009,31206222,29715764
Electricity,DC,2009,35499,11434375
Electricity,DE,2009,4841563,11257778
Electricity,FL,2009,217952308,224750322
Electricity,GA,2009,128698376,130765505
Electricity,HI,2009,11010533,10126185
Electricity,IA,2009,51860063,43641195
Electricity,ID,2009,13100152,22753779
Electricity,IL,2009,193864357,136688466
Electricity,IN,2009,116670280,99311813
Electricity,KS,2009,46677308,38243344
Electricity,KY,2009,90630427,88896757
Electricity,LA,2009,90993676,78669582
Electricity,MA,2009,38966651,54359198
Electricity,MD,2009,43774832,62589143
Electricity,ME,2009,16349849,11282967
Electricity,MI,2009,101202605,98121014
Electricity,MN,2009,52491849,64004463
Electricity,MO,2009,88354272,79897300
Electricity,MS,2009,48701484,46049154
Electricity,MT,2009,26712735,14353775
Electricity,NC,2009,118407403,127657979
Electricity,ND,2009,34196467,12648580
Electricity,NE,2009,34001892,28452194
Electricity,NH,2009,20164122,10698493
Electricity,NJ,2009,61811239,75779853
Electricity,NM,2009,39674339,21647136
Electricity,NV,2009,37705133,34283654
Electricity,NY,2009,133150550,140034397
Electricity,OH,2009,136090225,146299793
Electricity,OK,2009,75066809,54544580
Electricity,OR,2009,56690856,47566897
Electricity,PA,2009,219496144,143747438
Electricity,RI,2009,7696824,7617629
Electricity,SC,2009,100125486,76417479
Electricity,SD,2009,8196531,11010118
Electricity,TN,2009,79716889,94909844
Electricity,TX,2009,397167910,345351420
Electricity,UT,2009,43542946,27586700
Electricity,VA,2009,70082066,108462463
Electricity,VT,2009,7282348,5496513
Electricity,WA,2009,104470133,90210002
Electricity,WI,2009,59959060,66286439
Electricity,WV,2009,70782514,30271329
Electricity,WY,2009,46029212,16561937
Electricity,AK,2008,6774834,6325944
Electricity,AL,2008,145869895,89707279
Electricity,AR,2008,55050528,46134681
Electricity,AZ,2008,119459172,76267916
Electricity,CA,2008,207984263,268155219
Electricity,CO,2008,53441594,52142473
Electricity,CT,2008,30409473,30956544
Electricity,DC,2008,72316,11616234
Electricity,DE,2008,7523839,11748783
Electricity,FL,2008,219636818,226172795
Electricity,GA,2008,136173395,135173514
Electricity,HI,2008,11376385,10390279
Electricity,IA,2008,53086786,45488070
Electricity,ID,2008,11970553,23901490
Electricity,IL,2008,199475178,144619914
Electricity,IN,2008,129510294,106980704
Electricity,KS,2008,46630321,39965061
Electricity,KY,2008,97863340,93428414
Electricity,LA,2008,92453141,78725774
Electricity,MA,2008,42505478,55884105
Electricity,MD,2008,47360953,63325777
Electricity,ME,2008,17094919,11673673
Electricity,MI,2008,114989806,105781271
Electricity,MN,2008,54763360,68794138
Electricity,MO,2008,91028795,84381676
Electricity,MS,2008,48205711,47721235
Electricity,MT,2008,29637137,15326400
Electricity,NC,2008,125239063,130069257
Electricity,ND,2008,32734579,12416074
Electricity,NE,2008,32373522,28821021
Electricity,NH,2008,22876992,10977289
Electricity,NJ,2008,63674789,80519543
Electricity,NM,2008,37009837,22038108
Electricity,NV,2008,35089974,35192496
Electricity,NY,2008,140322100,144052936
Electricity,OH,2008,153412251,159388807
Electricity,OK,2008,76328908,56278866
Electricity,OR,2008,58718438,49187477
Electricity,PA,2008,222350925,150400589
Electricity,RI,2008,7387266,7818594
Electricity,SC,2008,100978005,80650572
Electricity,SD,2008,7082672,10974086
Electricity,TN,2008,90663312,104169779
Electricity,TX,2008,404787781,347814647
Electricity,UT,2008,46578763,28191511
Electricity,VA,2008,72678531,110106337
Electricity,VT,2008,6820216,5741204
Electricity,WA,2008,110828451,87332884
Electricity,WI,2008,63479555,70121827
Electricity,WV,2008,91123097,34221103
Electricity,WY,2008,46500448,16690249
Electricity,AK,2007,6821392,6326610
Electricity,AL,2007,143826271,91828464
Electricity,AR,2007,54596236,47054891
Electricity,AZ,2007,113340970,77193206
Electricity,CA,2007,210847581,264234911
Electricity,CO,2007,53907492,51299156
Electricity,CT,2007,33171209,34129107
Electricity,DC,2007,75251,12110185
Electricity,DE,2007,8534163,11868810
Electricity,FL,2007,225416060,231084600
Electricity,GA,2007,145155158,137453878
Electricity,HI,2007,11533350,10585299
Electricity,IA,2007,49789217,45269523
Electricity,ID,2007,11484091,23755186
Electricity,IL,2007,200260681,146055151
Electricity,IN,2007,130637999,109420150
Electricity,KS,2007,50122196,40165977
Electricity,KY,2007,97225319,92404100
Electricity,LA,2007,92578329,79566937
Electricity,MA,2007,47075975,57138822
Electricity,MD,2007,50197924,65390660
Electricity,ME,2007,16128567,11860202
Electricity,MI,2007,119309936,109296749
Electricity,MN,2007,54477646,68231182
Electricity,MO,2007,91153081,85532850
Electricity,MS,2007,50043686,48153181
Electricity,MT,2007,28931493,15531985
Electricity,NC,2007,130115301,131880754
Electricity,ND,2007,31224105,11905695
Electricity,NE,2007,32442699,28248400
Electricity,NH,2007,23277171,11235856
Electricity,NJ,2007,62671245,81934334
Electricity,NM,2007,35985333,22267394
Electricity,NV,2007,32669736,35643402
Electricity,NY,2007,145878687,148177523
Electricity,OH,2007,155155545,161770827
Electricity,OK,2007,72819095,55193200
Electricity,OR,2007,55077794,48696965
Electricity,PA,2007,226088340,151572950
Electricity,RI,2007,7049844,8013022
Electricity,SC,2007,103402142,81948158
Electricity,SD,2007,6136605,10603301
Electricity,TN,2007,95113409,106716934
Electricity,TX,2007,405492296,343828582
Electricity,UT,2007,45372575,27785447
Electricity,VA,2007,78360507,111569552
Electricity,VT,2007,5823582,5864006
Electricity,WA,2007,106990217,85741947
Electricity,WI,2007,63390630,71301300
Electricity,WV,2007,93933109,34183839
Electricity,WY,2007,45633486,15535552
Electricity,AK,2006,6674197,6182291
Electricity,AL,2006,140895441,90677695
Electricity,AR,2006,52168703,46635624
Electricity,AZ,2006,104392528,73252776
Electricity,CA,2006,216798688,262958528
Electricity,CO,2006,50698353,49733698
Electricity,CT,2006,34681736,31677453
Electricity,DC,2006,81467,11396424
Electricity,DE,2006,7182179,11554672
Electricity,FL,2006,223751621,228219544
Electricity,GA,2006,138010208,134834168
Electricity,HI,2006,11559174,10567912
Electricity,IA,2006,45483462,43336835
Electricity,ID,2006,13386085,22761749
Electricity,IL,2006,192426958,142447811
Electricity,IN,2006,130489788,105664484
Electricity,KS,2006,45523736,39751302
Electricity,KY,2006,98792014,88743435
Electricity,LA,2006,90921829,77467748
Electricity,MA,2006,45597775,55850090
Electricity,MD,2006,48956880,63173143
Electricity,ME,2006,16816173,12284768
Electricity,MI,2006,112556738,108017697
Electricity,MN,2006,53237789,66769931
Electricity,MO,2006,91686343,82015230
Electricity,MS,2006,46228847,46936437
Electricity,MT,2006,28243536,13814980
Electricity,NC,2006,125214784,126698979
Electricity,ND,2006,30881137,11245238
Electricity,NE,2006,31669969,27276292
Electricity,NH,2006,22063695,11094343
Electricity,NJ,2006,60700139,79680947
Electricity,NM,2006,37265625,21434957
Electricity,NV,2006,31860022,34586260
Electricity,NY,2006,142265432,142238019
Electricity,OH,2006,155434075,153428844
Electricity,OK,2006,70614880,54905314
Electricity,OR,2006,53340695,48069265
Electricity,PA,2006,218811595,146150358
Electricity,RI,2006,5967725,7799126
Electricity,SC,2006,99267606,80877321
Electricity,SD,2006,7132243,10056387
Electricity,TN,2006,93911102,103931744
Electricity,TX,2006,400582878,342724213
Electricity,UT,2006,41263324,26365716
Electricity,VA,2006,73069537,106721241
Electricity,VT,2006,7084344,5795029
Electricity,WA,2006,108203155,85033335
Electricity,WI,2006,61639843,69820749
Electricity,WV,2006,93815804,32312126
Electricity,WY,2006,45400370,14946612
Electricity,AK,2005,6576659,5912571
Electricity,AL,2005,137948581,89201620
Electricity,AR,2005,47794509,46164923
Electricity,AZ,2005,101478654,69390686
Electricity,CA,2005,200292818,254249507
Electricity,CO,2005,49616694,48353236
Electricity,CT,2005,33549747,33095029
Electricity,DC,2005,226042,11816207
Electricity,DE,2005,8136568,12136788
Electricity,FL,2005,220256412,224977011
Electricity,GA,2005,136667892,132265452
Electricity,HI,2005,11522805,10538910
Electricity,IA,2005,44156160,42756808
Electricity,ID,2005,10824984,21852681
Electricity,IL,2005,194120146,144986215
Electricity,IN,2005,130371573,106548910
Electricity,KS,2005,45862696,39024283
Electricity,KY,2005,97822419,89351466
Electricity,LA,2005,92616878,77389170
Electricity,MA,2005,47515443,57227588
Electricity,MD,2005,52661600,68365385
Electricity,ME,2005,18843978,12362879
Electricity,MI,2005,121619771,110444563
Electricity,MN,2005,53018995,66019053
Electricity,MO,2005,90828230,80940494
Electricity,MS,2005,45067453,45901064
Electricity,MT,2005,27938778,13478838
Electricity,NC,2005,129748578,128335377
Electricity,ND,2005,31932615,10839990
Electricity,NE,2005,31464734,26975944
Electricity,NH,2005,24470013,11244628
Electricity,NJ,2005,60549583,81896813
Electricity,NM,2005,35135642,20638951
Electricity,NV,2005,40213752,32500630
Electricity,NY,2005,146887419,150147571
Electricity,OH,2005,156976323,160176303
Electricity,OK,2005,68607827,53707102
Electricity,OR,2005,49325003,46419245
Electricity,PA,2005,218091125,148272940
Electricity,RI,2005,6053294,8049112
Electricity,SC,2005,102514665,81254088
Electricity,SD,2005,6520769,9811017
Electricity,TN,2005,97117165,103905421
Electricity,TX,2005,396668722,334258262
Electricity,UT,2005,38165131,25000498
Electricity,VA,2005,78943045,108849552
Electricity,VT,2005,5716755,5883053
Electricity,WA,2005,101965850,83425200
Electricity,WI,2005,61824664,70335683
Electricity,WV,2005,93626285,30152069
Electricity,WY,2005,45567307,14137727
Electricity,AK,2004,6526717,5788484
Electricity,AL,2004,137354771,86870519
Electricity,AR,2004,51927632,43672360
Electricity,AZ,2004,104564143,66933251
Electricity,CA,2004,194780355,252025973
Electricity,CO,2004,47869492,46723841
Electricity,CT,2004,32633408,32214610
Electricity,DC,2004,36487,11414847
Electricity,DE,2004,7855553,11761153
Electricity,FL,2004,218117928,218584494
Electricity,GA,2004,126812715,129465784
Electricity,HI,2004,11410403,10731520
Electricity,IA,2004,43248189,40902773
Electricity,ID,2004,10863039,21808674
Electricity,IL,2004,191957778,139253956
Electricity,IN,2004,127770396,103094263
Electricity,KS,2004,46782659,37126540
Electricity,KY,2004,94529947,86521156
Electricity,LA,2004,98172309,79737112
Electricity,MA,2004,47500483,56142019
Electricity,MD,2004,52052770,66891700
Electricity,ME,2004,19098885,12367668
Electricity,MI,2004,118487269,106606040
Electricity,MN,2004,52364127,63340315
Electricity,MO,2004,87632910,74054296
Electricity,MS,2004,43662613,46032538
Electricity,MT,2004,26788768,12956782
Electricity,NC,2004,126329957,125656807
Electricity,ND,2004,29936106,10516400
Electricity,NE,2004,32008709,25875930
Electricity,NH,2004,23875787,10973309
Electricity,NJ,2004,55882342,77593167
Electricity,NM,2004,32940361,19845735
Electricity,NV,2004,37667435,31312306
Electricity,NY,2004,137964794,145081709
Electricity,OH,2004,148345905,154221114
Electricity,OK,2004,60729560,50942042
Electricity,OR,2004,51381278,45636448
Electricity,PA,2004,214658501,143501493
Electricity,RI,2004,4939420,7887575
Electricity,SC,2004,97939929,79908340
Electricity,SD,2004,7510214,9213844
Electricity,TN,2004,97594542,99660665
Electricity,TX,2004,390299132,320614840
Electricity,UT,2004,38211977,24511704
Electricity,VA,2004,78900040,105424173
Electricity,VT,2004,5470379,5663772
Electricity,WA,2004,102165052,79981608
Electricity,WI,2004,60444933,67975709
Electricity,WV,2004,89749562,28918612
Electricity,WY,2004,44807604,13539513
Electricity,AK,2003,6338732,5563682
Electricity,AL,2003,137487222,83844220
Electricity,AR,2003,50401101,43108259
Electricity,AZ,2003,94396218,64079560
Electricity,CA,2003,192788542,243221316
Electricity,CO,2003,46616787,46494645
Electricity,CT,2003,29545050,31830218
Electricity,DC,2003,74144,10946383
Electricity,DE,2003,7392287,12599590
Electricity,FL,2003,212610011,217378622
Electricity,GA,2003,124076834,123676657
Electricity,HI,2003,10976371,10390836
Electricity,IA,2003,42116192,41207284
Electricity,ID,2003,10422935,21218685
Electricity,IL,2003,189055260,136247891
Electricity,IN,2003,124888217,100467779
Electricity,KS,2003,46567560,36735390
Electricity,KY,2003,91718820,85219631
Electricity,LA,2003,94885040,77769322
Electricity,MA,2003,48385024,55514357
Electricity,MD,2003,52244237,71258583
Electricity,ME,2003,18971635,11971837
Electricity,MI,2003,111347060,108877193
Electricity,MN,2003,55050995,63087339
Electricity,MO,2003,87225087,74239888
Electricity,MS,2003,40148278,45543881
Electricity,MT,2003,26268726,12824660
Electricity,NC,2003,127582319,121335121
Electricity,ND,2003,31322129,10461108
Electricity,NE,2003,30455984,25856566
Electricity,NH,2003,21597107,10972542
Electricity,NJ,2003,57399351,76382512
Electricity,NM,2003,32735653,19330491
Electricity,NV,2003,33194888,30131660
Electricity,NY,2003,137643316,144044703
Electricity,OH,2003,146638128,152189238
Electricity,OK,2003,60626856,50428168
Electricity,OR,2003,48966139,45194730
Electricity,PA,2003,206349513,140369128
Electricity,RI,2003,5621145,7796626
Electricity,SC,2003,93772677,77054098
Electricity,SD,2003,7943837,9079990
Electricity,TN,2003,92221791,97455808
Electricity,TX,2003,379199685,322685955
Electricity,UT,2003,38023666,23860350
Electricity,VA,2003,75309420,101509731
Electricity,VT,2003,6027962,5352429
Electricity,WA,2003,100094691,78133501
Electricity,WI,2003,60122425,67241494
Electricity,WV,2003,94711554,28296993
Electricity,WY,2003,43626602,13253836
Electricity,AK,2002,6767325,5465489
Electricity,AL,2002,132920670,83067078
Electricity,AR,2002,47611645,42449558
Electricity,AZ,2002,94131666,62600737
Electricity,CA,2002,184210031,235213332
Electricity,CO,2002,45600388,45936696
Electricity,CT,2002,31311219,31005489
Electricity,DC,2002,261980,11128743
Electricity,DE,2002,6002489,12018734
Electricity,FL,2002,203352775,210473530
Electricity,GA,2002,126512215,123789078
Electricity,HI,2002,11663070,9891638
Electricity,IA,2002,42528384,40897543
Electricity,ID,2002,9786933,20699666
Electricity,IL,2002,188054449,138447313
Electricity,IN,2002,125608140,101428550
Electricity,KS,2002,47188446,36713540
Electricity,KY,2002,92106668,87266835
Electricity,LA,2002,94970964,79260989
Electricity,MA,2002,42027818,53707537
Electricity,MD,2002,48279088,68379906
Electricity,ME,2002,22535033,11441358
Electricity,MI,2002,117889087,104713520
Electricity,MN,2002,52777965,62162361
Electricity,MO,2002,81162198,75000629
Electricity,MS,2002,42888812,45451850
Electricity,MT,2002,25473705,12831388
Electricity,NC,2002,124468030,122686468
Electricity,ND,2002,31306312,10219353
Electricity,NE,2002,31618494,25661061
Electricity,NH,2002,15953078,10383387
Electricity,NJ,2002,61569387,74602620
Electricity,NM,2002,30661707,19206917
Electricity,NV,2002,32088935,29204272
Electricity,NY,2002,139591688,147440116
Electricity,OH,2002,147068850,153407098
Electricity,OK,2002,59183419,49485466
Electricity,OR,2002,47099369,45255173
Electricity,PA,2002,204322878,139819870
Electricity,RI,2002,7056765,7560699
Electricity,SC,2002,96563498,77819392
Electricity,SD,2002,7721958,8936801
Electricity,TN,2002,96114262,98233027
Electricity,TX,2002,385628542,320845849
Electricity,UT,2002,36608003,23267188
Electricity,VA,2002,75005651,100618570
Electricity,VT,2002,5456190,5629263
Electricity,WA,2002,102765048,75403856
Electricity,WI,2002,58431438,66999296
Electricity,WV,2002,94761751,28463122
Electricity,WY,2002,43783839,12874060
Electricity,AK,2001,6743766,5454080
Electricity,AL,2001,125345113,79358258
Electricity,AR,2001,47192035,41732449
Electricity,AZ,2001,89911272,62274304
Electricity,CA,2001,198596075,247758778
Electricity,CO,2001,46876002,44236038
Electricity,CT,2001,30490646,30540758
Electricity,DC,2001,123239,10880472
Electricity,DE,2001,6807684,11378626
Electricity,FL,2001,190945344,200752133
Electricity,GA,2001,118316789,117790473
Electricity,HI,2001,10633093,9784563
Electricity,IA,2001,40658512,39443755
Electricity,ID,2001,9346941,21096017
Electricity,IL,2001,179249285,136033549
Electricity,IN,2001,122569673,97733968
Electricity,KS,2001,44748523,35846951
Electricity,KY,2001,95417626,79975499
Electricity,LA,2001,87894377,74692751
Electricity,MA,2001,38478434,52496075
Electricity,MD,2001,49062340,61640020
Electricity,ME,2001,19564821,12151997
Electricity,MI,2001,111845610,102409347
Electricity,MN,2001,48523226,60686852
Electricity,MO,2001,79544873,73213157
Electricity,MS,2001,53446452,44286865
Electricity,MT,2001,24232485,11446658
Electricity,NC,2001,117495850,119026943
Electricity,ND,2001,30332072,9809757
Electricity,NE,2001,30485212,24722640
Electricity,NH,2001,15074624,10315551
Electricity,NJ,2001,59421260,73177390
Electricity,NM,2001,33611643,18726594
Electricity,NV,2001,33875966,28167293
Electricity,NY,2001,143914559,144180760
Electricity,OH,2001,142261807,155797714
Electricity,OK,2001,55249450,49666725
Electricity,OR,2001,45051906,45884830
Electricity,PA,2001,196576591,135271933
Electricity,RI,2001,7501892,7392917
Electricity,SC,2001,89158987,74832367
Electricity,SD,2001,7400743,8626999
Electricity,TN,2001,96221976,96130718
Electricity,TX,2001,372580002,318044174
Electricity,UT,2001,35853750,23217308
Electricity,VA,2001,74104750,96453175
Electricity,VT,2001,5480614,5585446
Electricity,WA,2001,83048669,78495247
Electricity,WI,2001,58763431,65218293
Electricity,WV,2001,81836725,27669432
Electricity,WY,2001,44776938,12949505
Electricity,AK,2000,6156525,5309970
Electricity,AL,2000,124405340,83524220
Electricity,AR,2000,43875766,41611188
Electricity,AZ,2000,88946577,61130045
Electricity,CA,2000,208082483,244057202
Electricity,CO,2000,44165546,43020284
Electricity,CT,2000,32967570,29952407
Electricity,DC,2000,144374,10615521
Electricity,DE,2000,5987451,11274290
Electricity,FL,2000,191815840,195842976
Electricity,GA,2000,123877413,119185076
Electricity,HI,2000,10593403,9690596
Electricity,IA,2000,41542010,39087867
Electricity,ID,2000,11910442,22834099
Electricity,IL,2000,178496081,134696962
Electricity,IN,2000,127819516,97774925
Electricity,KS,2000,44815905,35921461
Electricity,KY,2000,93006083,78316156
Electricity,LA,2000,92865635,80690346
Electricity,MA,2000,38697881,51773113
Electricity,MD,2000,51145380,60677804
Electricity,ME,2000,14047947,12162977
Electricity,MI,2000,104209594,104772216
Electricity,MN,2000,51423339,59782089
Electricity,MO,2000,76593939,72642699
Electricity,MS,2000,37614563,45336178
Electricity,MT,2000,26451828,14579982
Electricity,NC,2000,122274356,119855456
Electricity,ND,2000,31311196,9413409
Electricity,NE,2000,29109863,24349189
Electricity,NH,2000,15031499,10158903
Electricity,NJ,2000,58085215,69977129
Electricity,NM,2000,34022020,18800676
Electricity,NV,2000,35484915,27791691
Electricity,NY,2000,138079075,142026560
Electricity,OH,2000,149060280,165194857
Electricity,OK,2000,55571957,49564141
Electricity,OR,2000,51789975,50330414
Electricity,PA,2000,201687980,133845326
Electricity,RI,2000,5971545,7301336
Electricity,SC,2000,93346240,77011969
Electricity,SD,2000,9697337,8282740
Electricity,TN,2000,95838584,95727709
Electricity,TX,2000,377742365,318262529
Electricity,UT,2000,36609074,23185277
Electricity,VA,2000,77189370,96715402
Electricity,VT,2000,6303014,5638614
Electricity,WA,2000,108236880,96511121
Electricity,WI,2000,59644417,65146487
Electricity,WV,2000,92865176,27692998
Electricity,WY,2000,45494280,12367684
Electricity,AK,1999,5802308,5292615
Electricity,AL,1999,120657508,80401079
Electricity,AR,1999,46553939,39788746
Electricity,AZ,1999,83893173,57661946
Electricity,CA,1999,188319223,234830879
Electricity,CO,1999,39521288,40570923
Electricity,CT,1999,28596898,29803004
Electricity,DC,1999,230003,10417813
Electricity,DE,1999,6851738,10552373
Electricity,FL,1999,187263426,187270257
Electricity,GA,1999,117338745,112655746
Electricity,HI,1999,10403926,9381139
Electricity,IA,1999,38801481,38033812
Electricity,ID,1999,14436648,22722394
Electricity,IL,1999,163410520,132681539
Electricity,IN,1999,121764501,96735464
Electricity,KS,1999,42070230,33820108
Electricity,KY,1999,92681908,79098015
Electricity,LA,1999,89941753,78266678
Electricity,MA,1999,40575392,49407444
Electricity,MD,1999,51685621,59086225
Electricity,ME,1999,12673929,11943634
Electricity,MI,1999,103239715,103981006
Electricity,MN,1999,48519379,57399085
Electricity,MO,1999,73815710,69044970
Electricity,MS,1999,34844972,43979792
Electricity,MT,1999,31419334,13281599
Electricity,NC,1999,117357615,115015125
Electricity,ND,1999,31417403,9112193
Electricity,NE,1999,30055751,22810012
Electricity,NH,1999,16189247,9888078
Electricity,NJ,1999,56803421,70703153
Electricity,NM,1999,32521856,18041302
Electricity,NV,1999,30532131,26253307
Electricity,NY,1999,146280866,139377641
Electricity,OH,1999,142330431,164270830
Electricity,OK,1999,54865359,46736630
Electricity,OR,1999,56848347,47543707
Electricity,PA,1999,194528045,128883313
Electricity,RI,1999,6376881,7150073
Electricity,SC,1999,90233508,73303562
Electricity,SD,1999,10557027,7922354
Electricity,TN,1999,93320137,93180379
Electricity,TX,1999,358944744,301844180
Electricity,UT,1999,36784628,21879032
Electricity,VA,1999,73897611,93032468
Electricity,VT,1999,5703593,5527328
Electricity,WA,1999,117084018,99030324
Electricity,WI,1999,58538854,63547448
Electricity,WV,1999,94692596,27144008
Electricity,WY,1999,43632491,11782349
Electricity,AK,1998,5828845,5094584
Electricity,AL,1998,119862125,79173033
Electricity,AR,1998,45665301,39315195
Electricity,AZ,1998,82095072,55843277
Electricity,CA,1998,189600706,236433970
Electricity,CO,1998,38881563,39574437
Electricity,CT,1998,19691492,28956144
Electricity,DC,1998,243975,10281067
Electricity,DE,1998,6898585,10397825
Electricity,FL,1998,189628996,187354592
Electricity,GA,1998,115323706,110720323
Electricity,HI,1998,10228082,9261071
Electricity,IA,1998,38448789,37318292
Electricity,ID,1998,13908673,22076953
Electricity,IL,1998,138464562,131697093
Electricity,IN,1998,117471525,92058825
Electricity,KS,1998,41585228,34140176
Electricity,KY,1998,90933028,75850311
Electricity,LA,1998,89648611,77716091
Electricity,MA,1998,45683616,48607144
Electricity,MD,1998,50653017,57833638
Electricity,ME,1998,11003317,11598695
Electricity,MI,1998,100477394,100506195
Electricity,MN,1998,48017905,56744047
Electricity,MO,1998,75187346,69009936
Electricity,MS,1998,34409056,42510238
Electricity,MT,1998,28460518,14144832
Electricity,NC,1998,121378824,113596306
Electricity,ND,1998,30671951,8220384
Electricity,NE,1998,28796791,23144897
Electricity,NH,1998,16088853,9303182
Electricity,NJ,1998,53857633,68161512
Electricity,NM,1998,32324069,18173120
Electricity,NV,1998,30613520,25037075
Electricity,NY,1998,144863248,134195525
Electricity,OH,1998,147940057,159793176
Electricity,OK,1998,56229243,47896575
Electricity,OR,1998,51148484,46906661
Electricity,PA,1998,191191518,130206411
Electricity,RI,1998,7674511,6887630
Electricity,SC,1998,87246561,72453886
Electricity,SD,1998,9088990,7824031
Electricity,TN,1998,97728457,91749889
Electricity,TX,1998,355320164,304704764
Electricity,UT,1998,35910430,20700326
Electricity,VA,1998,72199439,90608523
Electricity,VT,1998,4946297,5363258
Electricity,WA,1998,102158508,94872589
Electricity,WI,1998,56447431,62061221
Electricity,WV,1998,92822186,26511261
Electricity,WY,1998,45347296,11640566
Electricity,AK,1997,6154847,4840529
Electricity,AL,1997,119542332,74553869
Electricity,AR,1997,45193600,36857530
Electricity,AZ,1997,78825200,54455835
Electricity,CA,1997,172797595,227880126
Electricity,CO,1997,37642561,38069234
Electricity,CT,1997,17674298,28432096
Electricity,DC,1997,70661,10106781
Electricity,DE,1997,7222635,10122428
Electricity,FL,1997,168246993,175041015
Electricity,GA,1997,107625958,102249914
Electricity,HI,1997,10312247,9363099
Electricity,IA,1997,35418940,36147983
Electricity,ID,1997,15589010,22393831
Electricity,IL,1997,135140769,126953318
Electricity,IN,1997,114728907,89146614
Electricity,KS,1997,37917485,32270009
Electricity,KY,1997,91572095,76835514
Electricity,LA,1997,82821643,75885666
Electricity,MA,1997,44965328,47881855
Electricity,MD,1997,46707396,56264488
Electricity,ME,1997,10333406,11958939
Electricity,MI,1997,106970759,97390660
Electricity,MN,1997,43240295,55674293
Electricity,MO,1997,71374185,65711331
Electricity,MS,1997,33678952,40088725
Electricity,MT,1997,28586946,11917489
Electricity,NC,1997,115494689,109050025
Electricity,ND,1997,29852603,8282435
Electricity,NE,1997,28449267,22582344
Electricity,NH,1997,15880223,9167169
Electricity,NJ,1997,41756261,65915034
Electricity,NM,1997,31462357,17527949
Electricity,NV,1997,27031522,24219096
Electricity,NY,1997,140831648,131943925
Electricity,OH,1997,142811248,158508094
Electricity,OK,1997,52863977,44452853
Electricity,OR,1997,52412854,48552291
Electricity,PA,1997,193463198,128076414
Electricity,RI,1997,7709553,6744508
Electricity,SC,1997,80828058,68534441
Electricity,SD,1997,12449501,7772548
Electricity,TN,1997,96814073,86917071
Electricity,TX,1997,336319510,286703509
Electricity,UT,1997,34712212,20375525
Electricity,VA,1997,68515334,87420340
Electricity,VT,1997,5680538,5312146
Electricity,WA,1997,122126167,90932109
Electricity,WI,1997,51414008,60094002
Electricity,WV,1997,91528877,26247224
Electricity,WY,1997,41409562,11786205
Electricity,AK,1996,6128892,4779562
Electricity,AL,1996,121472911,73104419
Electricity,AR,1996,46033563,36136576
Electricity,AZ,1996,71654818,52084539
Electricity,CA,1996,175263204,218112485
Electricity,CO,1996,37137360,37072975
Electricity,CT,1996,20211398,28416945
Electricity,DC,1996,109809,10136667
Electricity,DE,1996,8854449,9640700
Electricity,FL,1996,167084936,171832022
Electricity,GA,1996,104320041,101307136
Electricity,HI,1996,10627894,9378961
Electricity,IA,1996,34688615,34999416
Electricity,ID,1996,14089808,21781272
Electricity,IL,1996,147733029,125990381
Electricity,IN,1996,109902102,88901372
Electricity,KS,1996,39942156,31290626
Electricity,KY,1996,88447496,77018734
Electricity,LA,1996,77739896,75269095
Electricity,MA,1996,37954020,47293773
Electricity,MD,1996,46274617,56997520
Electricity,ME,1996,14934373,11726431
Electricity,MI,1996,112518309,96301566
Electricity,MN,1996,44328439,54941699
Electricity,MO,1996,68122528,64843243
Electricity,MS,1996,31277282,39622374
Electricity,MT,1996,26837425,13819556
Electricity,NC,1996,112197741,108296394
Electricity,ND,1996,30908490,8314159
Electricity,NE,1996,27351109,21497464
Electricity,NH,1996,17063649,9145790
Electricity,NJ,1996,37716583,66889430
Electricity,NM,1996,30161290,17173393
Electricity,NV,1996,25580408,22574029
Electricity,NY,1996,135732249,131527186
Electricity,OH,1996,144437214,158587337
Electricity,OK,1996,51849620,43291303
Electricity,OR,1996,51011774,48409510
Electricity,PA,1996,191872623,127623026
Electricity,RI,1996,7720036,6604198
Electricity,SC,1996,78768552,67086215
Electricity,SD,1996,10066274,7736162
Electricity,TN,1996,92122368,87659014
Electricity,TX,1996,328948933,278449583
Electricity,UT,1996,32951861,19858069
Electricity,VA,1996,66895127,87595643
Electricity,VT,1996,5350119,5239492
Electricity,WA,1996,118658132,88424106
Electricity,WI,1996,54417737,58743628
Electricity,WV,1996,87244388,26126778
Electricity,WY,1996,41471996,11475069
Electricity,AK,1995,6026116,4631830
Electricity,AL,1995,105189366,70006764
Electricity,AR,1995,41972088,34671434
Electricity,AZ,1995,69780939,48588969
Electricity,CA,1995,181463341,212604724
Electricity,CO,1995,35617234,35316819
Electricity,CT,1995,31472468,27969969
Electricity,DC,1995,188862,10315570
Electricity,DE,1995,9032837,9579533
Electricity,FL,1995,167414372,167492138
Electricity,GA,1995,107878596,96192170
Electricity,HI,1995,10303983,9187608
Electricity,IA,1995,34752928,34300919
Electricity,ID,1995,11844605,19619846
Electricity,IL,1995,148657931,126231065
Electricity,IN,1995,109156846,87005957
Electricity,KS,1995,38420705,30356882
Electricity,KY,1995,86165836,74548198
Electricity,LA,1995,84559724,72827190
Electricity,MA,1995,37654481,46510284
Electricity,MD,1995,46365643,56158045
Electricity,ME,1995,9763051,11561302
Electricity,MI,1995,107444612,94701134
Electricity,MN,1995,45170884,53958771
Electricity,MO,1995,65720958,62258967
Electricity,MS,1995,28980861,37868480
Electricity,MT,1995,25961314,13418523
Electricity,NC,1995,106294656,104672756
Electricity,ND,1995,29004247,7882636
Electricity,NE,1995,25304300,20892479
Electricity,NH,1995,15434379,9007360
Electricity,NJ,1995,45098658,66753785
Electricity,NM,1995,29831159,16415546
Electricity,NV,1995,23963994,20659397
Electricity,NY,1995,133413281,130470717
Electricity,OH,1995,139343902,158625546
Electricity,OK,1995,52667367,41392452
Electricity,OR,1995,45265553,45725307
Electricity,PA,1995,185451311,126250597
Electricity,RI,1995,4488213,6635677
Electricity,SC,1995,80913648,65074395
Electricity,SD,1995,8811793,7413542
Electricity,TN,1995,85730835,82030329
Electricity,TX,1995,317636246,263278592
Electricity,UT,1995,32807388,18460240
Electricity,VA,1995,62996021,85162485
Electricity,VT,1995,5160062,5104102
Electricity,WA,1995,102197586,88353414
Electricity,WI,1995,53923131,57966904
Electricity,WV,1995,80537427,25976705
Electricity,WY,1995,40251609,11198535
Electricity,AK,1994,5966516,4533379
Electricity,AL,1994,100764257,67580676
Electricity,AR,1994,42032148,32619098
Electricity,AZ,1994,71934496,47282035
Electricity,CA,1994,186191991,213684302
Electricity,CO,1994,35651911,34502279
Electricity,CT,1994,31178917,28025671
Electricity,DC,1994,274252,10294675
Electricity,DE,1994,9230276,9298971
Electricity,FL,1994,158146846,159544300
Electricity,GA,1994,104356409,89913084
Electricity,HI,1994,10108902,8948422
Electricity,IA,1994,33167006,33039251
Electricity,ID,1994,8726797,19878615
Electricity,IL,1994,141299295,121490048
Electricity,IN,1994,107182057,83807543
Electricity,KS,1994,37619869,29613821
Electricity,KY,1994,84097034,72485367
Electricity,LA,1994,79385961,70131806
Electricity,MA,1994,37939064,46091354
Electricity,MD,1994,45339618,54751623
Electricity,ME,1994,16456150,11605815
Electricity,MI,1994,98307389,91159987
Electricity,MN,1994,43897655,51155105
Electricity,MO,1994,61877678,59692758
Electricity,MS,1994,28670498,36626569
Electricity,MT,1994,25152849,13184134
Electricity,NC,1994,100828662,99789182
Electricity,ND,1994,29155825,7680764
Electricity,NE,1994,21983131,19873148
Electricity,NH,1994,13462499,8956221
Electricity,NJ,1994,48435342,66257593
Electricity,NM,1994,30390674,15858794
Electricity,NV,1994,24517727,20036271
Electricity,NY,1994,126029572,131176571
Electricity,OH,1994,131763610,154376709
Electricity,OK,1994,50058772,41143443
Electricity,OR,1994,38440812,44970742
Electricity,PA,1994,184078701,123045049
Electricity,RI,1994,4732920,6571846
Electricity,SC,1994,76942522,61857958
Electricity,SD,1994,7991260,7174054
Electricity,TN,1994,78334957,82533292
Electricity,TX,1994,307179524,258179737
Electricity,UT,1994,35196834,17847064
Electricity,VA,1994,62048924,82210138
Electricity,VT,1994,5617030,5066504
Electricity,WA,1994,88586476,87133397
Electricity,WI,1994,52358955,55411611
Electricity,WV,1994,81429542,24775708
Electricity,WY,1994,43002285,11696380
Electricity,AK,1993,5721277,4374627
Electricity,AL,1993,99336996,65057675
Electricity,AR,1993,40498654,31662933
Electricity,AZ,1993,68468986,44407854
Electricity,CA,1993,186990642,210499926
Electricity,CO,1993,34240183,32957803
Electricity,CT,1993,32884571,27238487
Electricity,DC,1993,188452,10374622
Electricity,DE,1993,9017680,9121134
Electricity,FL,1993,151934156,152747819
Electricity,GA,1993,101447571,89191041
Electricity,HI,1993,9943687,8657911
Electricity,IA,1993,32049013,32103910
Electricity,ID,1993,10533433,18719840
Electricity,IL,1993,143453091,117786375
Electricity,IN,1993,103635138,81931490
Electricity,KS,1993,36742567,28808385
Electricity,KY,1993,84997718,68149184
Electricity,LA,1993,78975535,67755825
Electricity,MA,1993,37079208,45280748
Electricity,MD,1993,44977888,53872404
Electricity,ME,1993,15614272,11952356
Electricity,MI,1993,106368549,87588602
Electricity,MN,1993,44040635,49210670
Electricity,MO,1993,53552969,58622069
Electricity,MS,1993,25941526,34749301
Electricity,MT,1993,23872854,12929227
Electricity,NC,1993,95314444,99777554
Electricity,ND,1993,28663410,7431958
Electricity,NE,1993,22760857,18749041
Electricity,NH,1993,16242760,8760969
Electricity,NJ,1993,48344882,65620646
Electricity,NM,1993,28744528,14926879
Electricity,NV,1993,23502472,18498851
Electricity,NY,1993,124221031,130170179
Electricity,OH,1993,135237292,148570665
Electricity,OK,1993,53159673,40531327
Electricity,OR,1993,41909585,44577902
Electricity,PA,1993,181214132,119981494
Electricity,RI,1993,4665296,6548438
Electricity,SC,1993,78174835,61532725
Electricity,SD,1993,5255511,6904707
Electricity,TN,1993,73884199,79832181
Electricity,TX,1993,299688715,250084413
Electricity,UT,1993,34058102,16867129
Electricity,VA,1993,61243510,81371781
Electricity,VT,1993,4643765,5015558
Electricity,WA,1993,87995776,90472611
Electricity,WI,1993,50238552,53156402
Electricity,WV,1993,74749164,24441525
Electricity,WY,1993,40771354,11885187
Electricity,AK,1992,5298424,4338934
Electricity,AL,1992,95234422,62166661
Electricity,AR,1992,39746101,28451112
Electricity,AZ,1992,70552727,43651272
Electricity,CA,1992,177155459,213447241
Electricity,CO,1992,33295490,31821970
Electricity,CT,1992,29211380,27126971
Electricity,DC,1992,73991,10043021
Electricity,DE,1992,6984285,8532380
Electricity,FL,1992,143777143,147009940
Electricity,GA,1992,97358229,83391431
Electricity,HI,1992,9844461,8666889
Electricity,IA,1992,30496927,30208072
Electricity,ID,1992,7463004,19008207
Electricity,IL,1992,128046228,112520519
Electricity,IN,1992,101018564,76976815
Electricity,KS,1992,32078493,27069105
Electricity,KY,1992,77351259,67067820
Electricity,LA,1992,73374124,65098330
Electricity,MA,1992,40087655,44998082
Electricity,MD,1992,41177359,50988788
Electricity,ME,1992,15683544,11483027
Electricity,MI,1992,95321939,83840225
Electricity,MN,1992,40258884,47412154
Electricity,MO,1992,56951673,54410855
Electricity,MS,1992,23134963,33241190
Electricity,MT,1992,25899645,13096382
Electricity,NC,1992,89535255,94195331
Electricity,ND,1992,28766897,7128380
Electricity,NE,1992,22425498,17784329
Electricity,NH,1992,15117253,8954313
Electricity,NJ,1992,43664014,63122357
Electricity,NM,1992,28069438,14431480
Electricity,NV,1992,23347543,17696252
Electricity,NY,1992,125948924,128469688
Electricity,OH,1992,137661728,145016464
Electricity,OK,1992,50006448,38267207
Electricity,OR,1992,42345374,42910176
Electricity,PA,1992,179405645,116287618
Electricity,RI,1992,4785205,6392560
Electricity,SC,1992,74170509,58400921
Electricity,SD,1992,6246414,6493846
Electricity,TN,1992,77748112,78584112
Electricity,TX,1992,290292313,239431038
Electricity,UT,1992,33237139,16567056
Electricity,VA,1992,56352354,76448426
Electricity,VT,1992,4870142,4941032
Electricity,WA,1992,86482429,89319316
Electricity,WI,1992,48893401,50925090
Electricity,WV,1992,75159914,23831118
Electricity,WY,1992,42473894,11699946
Electricity,AK,1991,5389828,4255713
Electricity,AL,1991,88786612,61227325
Electricity,AR,1991,40651244,28440257
Electricity,AZ,1991,67202551,41848417
Electricity,CA,1991,158947642,208650489
Electricity,CO,1991,32321593,31456688
Electricity,CT,1991,27036467,27171405
Electricity,DC,1991,179814,10195163
Electricity,DE,1991,7838132,8535864
Electricity,FL,1991,139416689,146336241
Electricity,GA,1991,96173131,81539086
Electricity,HI,1991,8703235,8524087
Electricity,IA,1991,32267856,30781462
Electricity,ID,1991,9428619,18045604
Electricity,IL,1991,130274345,116868558
Electricity,IN,1991,101981299,77033736
Electricity,KS,1991,32630743,28152224
Electricity,KY,1991,75505081,64193802
Electricity,LA,1991,74972693,64704299
Electricity,MA,1991,41019791,44796787
Electricity,MD,1991,39850884,51107809
Electricity,ME,1991,17344783,11382784
Electricity,MI,1991,105978124,84518543
Electricity,MN,1991,42132110,48754597
Electricity,MO,1991,60474726,56514156
Electricity,MS,1991,25876616,33019383
Electricity,MT,1991,28553148,13406600
Electricity,NC,1991,89375284,92316483
Electricity,ND,1991,27679148,7255201
Electricity,NE,1991,23000347,18605192
Electricity,NH,1991,14221341,8761774
Electricity,NJ,1991,43526466,64682551
Electricity,NM,1991,25277222,14083944
Electricity,NV,1991,22065204,16625419
Electricity,NY,1991,134600499,129410967
Electricity,OH,1991,134036497,145658320
Electricity,OK,1991,49099117,39404397
Electricity,OR,1991,47444889,43650751
Electricity,PA,1991,172762709,116336998
Electricity,RI,1991,2925819,6403046
Electricity,SC,1991,72180007,57069331
Electricity,SD,1991,6572666,6685140
Electricity,TN,1991,76192806,78390141
Electricity,TX,1991,286328708,240351787
Electricity,UT,1991,30505906,15907404
Electricity,VA,1991,54729094,75111148
Electricity,VT,1991,5387985,4704457
Electricity,WA,1991,102870562,92713509
Electricity,WI,1991,49356737,51032208
Electricity,WV,1991,73423735,23624945
Electricity,WY,1991,39298388,11756848
Electricity,AK,1990,5599506,4253840
Electricity,AL,1990,79652133,59925613
Electricity,AR,1990,39099598,27365296
Electricity,AZ,1990,62774297,41469585
Electricity,CA,1990,165784909,211092922
Electricity,CO,1990,32548127,30794588
Electricity,CT,1990,35147247,27187238
Electricity,DC,1990,361043,9848445
Electricity,DE,1990,7841500,8283867
Electricity,FL,1990,131502553,143534878
Electricity,GA,1990,102686240,80440116
Electricity,HI,1990,9702752,8310537
Electricity,IA,1990,30044506,29437379
Electricity,ID,1990,9691475,18003422
Electricity,IL,1990,129392471,111576776
Electricity,IN,1990,101417116,73982219
Electricity,KS,1990,34184857,27148767
Electricity,KY,1990,73807286,61096874
Electricity,LA,1990,76465630,63825890
Electricity,MA,1990,39811011,45441672
Electricity,MD,1990,33162292,49533730
Electricity,ME,1990,15946014,11528975
Electricity,MI,1990,100059737,82366869
Electricity,MN,1990,43070376,47166915
Electricity,MO,1990,59352830,53924637
Electricity,MS,1990,25201417,32127077
Electricity,MT,1990,26029772,13124583
Electricity,NC,1990,84925767,89924487
Electricity,ND,1990,26993261,7013850
Electricity,NE,1990,21633587,17868252
Electricity,NH,1990,12405196,8979614
Electricity,NJ,1990,39968834,62856687
Electricity,NM,1990,28820204,13820760
Electricity,NV,1990,20050685,16351894
Electricity,NY,1990,135345692,129324439
Electricity,OH,1990,127980527,142465472
Electricity,OK,1990,47079131,42504220
Electricity,OR,1990,50372236,42977443
Electricity,PA,1990,175623311,114750659
Electricity,RI,1990,1107316,6418978
Electricity,SC,1990,71363174,55651791
Electricity,SD,1990,6427473,6333893
Electricity,TN,1990,76187609,77144769
Electricity,TX,1990,281559635,237415127
Electricity,UT,1990,32563539,15401674
Electricity,VA,1990,52564458,72696269
Electricity,VT,1990,5164108,4716228
Electricity,WA,1990,102071533,91046151
Electricity,WI,1990,47768857,49198028
Electricity,WV,1990,79539544,23132431
Electricity,WY,1990,39974965,11768839
